symbol,scenario,n_features,fold,split,n_rows,mae,rmse,r2
AAPL,PRICE_ONLY,5,0,test,125,0.006711640967046955,0.008465934648204635,-0.21086544279198294
AAPL,PRICE+TECH,33,0,test,125,0.02564729355950128,0.026981161112557422,-11.29893006775504
AAPL,PRICE+TECH+LAG,38,0,test,125,0.028465750945826252,0.02966719743828519,-13.869593818468614
AAPL,ALL_NO_MACRO,47,0,test,125,0.025586089386865414,0.026926523851802858,-11.249169461707215
AAPL,ALL_NO_REGIME,51,0,test,125,0.026201508714120077,0.027160857670676265,-11.463299201203174
AAPL,ALL_FULL,60,0,test,125,0.025767457940158233,0.0267573940210415,-11.095774717630343
AAPL,PRICE_ONLY,5,1,test,125,0.006448338727392929,0.007596973899727634,-0.30940442292210313
AAPL,PRICE+TECH,33,1,test,125,0.01841276956644741,0.020632459234726706,-8.658162902591547
AAPL,PRICE+TECH+LAG,38,1,test,125,0.0186693715997011,0.020821108697563345,-8.835585945864102
AAPL,ALL_NO_MACRO,47,1,test,125,0.018236389066708866,0.0203947225955376,-8.43687364082031
AAPL,ALL_NO_REGIME,51,1,test,125,0.014946319964465328,0.016669584083679596,-5.304375360073226
AAPL,ALL_FULL,60,1,test,125,0.01526744721439249,0.017132205156750204,-5.659154140149445
AAPL,PRICE_ONLY,5,2,test,125,0.024471711154630284,0.025014431572035027,-39.60660999138227
AAPL,PRICE+TECH,33,2,test,125,0.021133673908347826,0.021475357635403317,-28.929279873949092
AAPL,PRICE+TECH+LAG,38,2,test,125,0.022078939770979675,0.022419437464691265,-31.61856718277545
AAPL,ALL_NO_MACRO,47,2,test,125,0.021557655905874752,0.021911460268391032,-30.157176950207713
AAPL,ALL_NO_REGIME,51,2,test,125,0.017019338085726237,0.017608316140357173,-19.121071825844876
AAPL,ALL_FULL,60,2,test,125,0.017118753536674296,0.017683612170676405,-19.29352171763396
AAPL,PRICE_ONLY,5,3,test,125,0.004592222878722197,0.006132945084814943,-0.5310790763932627
AAPL,PRICE+TECH,33,3,test,125,0.010116834624065124,0.011496460404625757,-4.380068005769658
AAPL,PRICE+TECH+LAG,38,3,test,125,0.009871079022935152,0.011227452068187298,-4.1312348106342
AAPL,ALL_NO_MACRO,47,3,test,125,0.010758287205186639,0.012152490222011446,-5.011599368626306
AAPL,ALL_NO_REGIME,51,3,test,125,0.00897138927774776,0.01017095969354958,-3.2109815252202525
AAPL,ALL_FULL,60,3,test,125,0.009647367796985957,0.010863539428104191,-3.8039907156492934
AAPL,PRICE_ONLY,5,4,test,125,0.005531300615679125,0.007044383877511489,-0.20992512702199706
AAPL,PRICE+TECH,33,4,test,125,0.00670782557327898,0.00798396169021268,-0.5542087723667011
AAPL,PRICE+TECH+LAG,38,4,test,125,0.00676930604843476,0.008048594470575309,-0.5794742827497248
AAPL,ALL_NO_MACRO,47,4,test,125,0.00701120211592958,0.008326060694263015,-0.6902525973684339
AAPL,ALL_NO_REGIME,51,4,test,125,0.006601425483206365,0.008077500436132744,-0.5908397987946239
AAPL,ALL_FULL,60,4,test,125,0.0067191201714019875,0.008223867556917914,-0.649015288588265
AAPL,PRICE_ONLY,5,5,test,125,0.007834782945492986,0.009335693868237497,-0.4241908911075438
AAPL,PRICE+TECH,33,5,test,125,0.00541988149960108,0.0069117359149985045,0.21936274803813371
AAPL,PRICE+TECH+LAG,38,5,test,125,0.005295580351881369,0.006786112318631545,0.24748166388265058
AAPL,ALL_NO_MACRO,47,5,test,125,0.005511115153592282,0.007041687199386279,0.18973242819086633
AAPL,ALL_NO_REGIME,51,5,test,125,0.005670493913088292,0.007377186590664139,0.11068311944693898
AAPL,ALL_FULL,60,5,test,125,0.005469388631336189,0.007091105259945725,0.17831972091447112
AAPL,PRICE_ONLY,5,6,test,125,0.00816549021005181,0.010464307653615241,-0.9596395635991146
AAPL,PRICE+TECH,33,6,test,125,0.005524356806682271,0.006989911090752887,0.12562344688530613
AAPL,PRICE+TECH+LAG,38,6,test,125,0.005514540056817154,0.007033695977722638,0.11463492778539963
AAPL,ALL_NO_MACRO,47,6,test,125,0.005564426373549031,0.007216605862449366,0.06798870960920789
AAPL,ALL_NO_REGIME,51,6,test,125,0.007971344533015436,0.009758435568771782,-0.7041805243768433
AAPL,ALL_FULL,60,6,test,125,0.007322907124500131,0.008985663294358365,-0.44495885800378665
AAPL,PRICE_ONLY,5,7,test,125,0.009232884521539034,0.012194319063701753,-0.9661602718011209
AAPL,PRICE+TECH,33,7,test,125,0.00681472094299696,0.008976627339814197,-0.06544295076069906
AAPL,PRICE+TECH+LAG,38,7,test,125,0.006915580661971677,0.009078592426499808,-0.08978505287973193
AAPL,ALL_NO_MACRO,47,7,test,125,0.006967640672800833,0.0090841416774047,-0.09111771297902682
AAPL,ALL_NO_REGIME,51,7,test,125,0.009442577087029615,0.010692341892328039,-0.5116438530374785
AAPL,ALL_FULL,60,7,test,125,0.008869090623674702,0.010139538387760244,-0.35937780820570797
AAPL,PRICE_ONLY,5,8,test,125,0.00796880410504343,0.011267937144889172,-0.6990533447638605
AAPL,PRICE+TECH,33,8,test,125,0.006444692524893976,0.00864929998483323,-0.001106089720466441
AAPL,PRICE+TECH+LAG,38,8,test,125,0.00633653575594587,0.008499933403207045,0.03317197826499674
AAPL,ALL_NO_MACRO,47,8,test,125,0.0062784292608322025,0.008469321603687092,0.040123338890571514
AAPL,ALL_NO_REGIME,51,8,test,125,0.00820648590612243,0.009429534988533423,-0.18986786523377797
AAPL,ALL_FULL,60,8,test,125,0.007888909432069014,0.009132937200289135,-0.11619256621063512
AAPL,PRICE_ONLY,5,9,test,125,0.0054546203810154,0.006255041964758001,-0.9667693961673758
AAPL,PRICE+TECH,33,9,test,125,0.005407017187234718,0.006138180682864911,-0.8939666294021242
AAPL,PRICE+TECH+LAG,38,9,test,125,0.005456536151377133,0.006161019267790101,-0.9080867706148588
AAPL,ALL_NO_MACRO,47,9,test,125,0.005372993701900121,0.006093756981626054,-0.8666515174158542
AAPL,ALL_NO_REGIME,51,9,test,125,0.008016423340157716,0.008872992191165274,-2.9576117346100648
AAPL,ALL_FULL,60,9,test,125,0.007762316732336751,0.00857038291203704,-2.6922698878858315
AAPL,PRICE_ONLY,5,10,test,125,0.005765219902406153,0.006532820396757657,-1.139087471417743
AAPL,PRICE+TECH,33,10,test,125,0.005687436152769956,0.006445812476357189,-1.0824876783602027
AAPL,PRICE+TECH+LAG,38,10,test,125,0.005844486190947746,0.00660545630977302,-1.1869192919840925
AAPL,ALL_NO_MACRO,47,10,test,125,0.005617740722647501,0.0064262683928856265,-1.0698783726166479
AAPL,ALL_NO_REGIME,51,10,test,125,0.007307815560111943,0.008121448353634212,-2.3059332518094697
AAPL,ALL_FULL,60,10,test,125,0.006980963337799428,0.007784689883531725,-2.0374542111231717
AAPL,PRICE_ONLY,5,11,test,125,0.006170186312609802,0.007082177660405632,-1.992054254979529
AAPL,PRICE+TECH,33,11,test,125,0.006060722790717569,0.006937268585841011,-1.8708655142151147
AAPL,PRICE+TECH+LAG,38,11,test,125,0.006029816508448507,0.006865277768107202,-1.8115904338876634
AAPL,ALL_NO_MACRO,47,11,test,125,0.005969282874189756,0.00680102172735471,-1.759206184365583
AAPL,ALL_NO_REGIME,51,11,test,125,0.007931681788617478,0.008820281613356708,-3.6408842123331926
AAPL,ALL_FULL,60,11,test,125,0.008064207030677803,0.00892084866251861,-3.7473163591822027
AAPL,PRICE_ONLY,5,12,test,125,0.0059343986568451655,0.006733368304936914,-1.7173869217472664
AAPL,PRICE+TECH,33,12,test,125,0.0050861589954830115,0.006004147699702769,-1.1606751370988753
AAPL,PRICE+TECH+LAG,38,12,test,125,0.00501853600648528,0.005935819710680722,-1.1117774270827003
AAPL,ALL_NO_MACRO,47,12,test,125,0.005124640627372721,0.006041540801607977,-1.1876717861887602
AAPL,ALL_NO_REGIME,51,12,test,125,0.006359322132746651,0.0071838775987936344,-2.0931756901907788
AAPL,ALL_FULL,60,12,test,125,0.006295811904792631,0.0071460329191652015,-2.060671821731814
AAPL,PRICE_ONLY,5,13,test,125,0.005917380397875336,0.007722425454511037,-0.26350182632800156
AAPL,PRICE+TECH,33,13,test,125,0.006542197734865145,0.00824678459028834,-0.44091288883686786
AAPL,PRICE+TECH+LAG,38,13,test,125,0.006475006183299294,0.008203611703210536,-0.42586568232993516
AAPL,ALL_NO_MACRO,47,13,test,125,0.006709915230382565,0.008404693820275859,-0.4966223219287129
AAPL,ALL_NO_REGIME,51,13,test,125,0.006141359161324081,0.0075428959917814755,-0.20543740401102029
AAPL,ALL_FULL,60,13,test,125,0.0061969997995715,0.0075880119290283755,-0.21990057087973325
AAPL,PRICE_ONLY,5,14,test,125,0.0058373936883814375,0.007452269275946697,-0.11156585764117799
AAPL,PRICE+TECH,33,14,test,125,0.007561675469119185,0.009120380170731765,-0.6648840933385847
AAPL,PRICE+TECH+LAG,38,14,test,125,0.0074455187488326495,0.00904729178766187,-0.6383071057097731
AAPL,ALL_NO_MACRO,47,14,test,125,0.007627770829260367,0.009199502524282832,-0.6938962494896017
AAPL,ALL_NO_REGIME,51,14,test,125,0.006422040705006066,0.008464535287092886,-0.434050219347639
AAPL,ALL_FULL,60,14,test,125,0.006410028259260508,0.008468644802930421,-0.43544301469189794
AAPL,PRICE_ONLY,5,15,test,125,0.004985784426106816,0.006599191483600627,-0.9841365462283873
AAPL,PRICE+TECH,33,15,test,125,0.004429694334057115,0.0058422749674453605,-0.5550848227291456
AAPL,PRICE+TECH+LAG,38,15,test,125,0.004558119678199773,0.0059972887483778865,-0.638702115896812
AAPL,ALL_NO_MACRO,47,15,test,125,0.004531475078353415,0.005961171305367641,-0.6190240527623387
AAPL,ALL_NO_REGIME,51,15,test,125,0.004608175525482362,0.006431744232059815,-0.8847234220861868
AAPL,ALL_FULL,60,15,test,125,0.0044645963256228546,0.006278982855068775,-0.796257897980807
AAPL,PRICE_ONLY,5,16,test,125,0.0073675499862182825,0.010295845092073411,-0.917610638063004
AAPL,PRICE+TECH,33,16,test,125,0.004486310334832736,0.007004090903507594,0.11255799963980684
AAPL,PRICE+TECH+LAG,38,16,test,125,0.004520369765691449,0.007036463575072781,0.10433558769878704
AAPL,ALL_NO_MACRO,47,16,test,125,0.004533232261082011,0.0071317922276812745,0.0799026169597502
AAPL,ALL_NO_REGIME,51,16,test,125,0.004719548646150477,0.0073323901038393775,0.027415024911385477
AAPL,ALL_FULL,60,16,test,125,0.004698862290211482,0.007477906372657868,-0.011571249364664027
AAPL,PRICE_ONLY,5,17,test,125,0.012349705656187435,0.018504011609490948,-0.6353339082979834
AAPL,PRICE+TECH,33,17,test,125,0.009869944690654029,0.015687385692798293,-0.17537325947803373
AAPL,PRICE+TECH+LAG,38,17,test,125,0.009878110715476117,0.015523955331891237,-0.1510108731328399
AAPL,ALL_NO_MACRO,47,17,test,125,0.010521938852061484,0.01634883300354172,-0.2765804017638833
AAPL,ALL_NO_REGIME,51,17,test,125,0.008259739853043855,0.012733273228500866,0.22561884833607848
AAPL,ALL_FULL,60,17,test,125,0.008192180742496672,0.012673673235107824,0.23285109685841476
AAPL,PRICE_ONLY,5,18,test,125,0.007529966659584691,0.010748326840191308,-0.1607820631261374
AAPL,PRICE+TECH,33,18,test,125,0.008009388642585146,0.011728508159253057,-0.3821478700782919
AAPL,PRICE+TECH+LAG,38,18,test,125,0.008311811671366178,0.012354356480854275,-0.5335898213697698
AAPL,ALL_NO_MACRO,47,18,test,125,0.008321467067718509,0.012013970537119069,-0.4502473658501196
AAPL,ALL_NO_REGIME,51,18,test,125,0.006744288562742925,0.008673062902299952,0.2441877048006058
AAPL,ALL_FULL,60,18,test,125,0.006787513729644901,0.008657574539399427,0.24688475489438066
AAPL,PRICE_ONLY,5,19,test,125,0.004806203331036857,0.006064881854019016,-0.07338767044934102
AAPL,PRICE+TECH,33,19,test,125,0.005300810097296332,0.006037777489499068,-0.06381502550508378
AAPL,PRICE+TECH+LAG,38,19,test,125,0.00529780720469478,0.006046653121464144,-0.06694497543507416
AAPL,ALL_NO_MACRO,47,19,test,125,0.0053679525724956,0.0061465070773909095,-0.10247483305201532
AAPL,ALL_NO_REGIME,51,19,test,125,0.005101170025524806,0.005774122785634188,0.02706474212450083
AAPL,ALL_FULL,60,19,test,125,0.00513526476685344,0.005817312277784937,0.012455515832013764
AAPL,PRICE_ONLY,5,20,test,125,0.004244381461756642,0.005424904217086424,0.024859692535845412
AAPL,PRICE+TECH,33,20,test,125,0.005375116071241269,0.0063656266215212625,-0.34265762252837306
AAPL,PRICE+TECH+LAG,38,20,test,125,0.00536882588765532,0.006350658128572901,-0.3363506450445164
AAPL,ALL_NO_MACRO,47,20,test,125,0.005407223844638916,0.0063945640487866225,-0.3548925117035766
AAPL,ALL_NO_REGIME,51,20,test,125,0.005827960433223343,0.00688381494211033,-0.5701506830534964
AAPL,ALL_FULL,60,20,test,125,0.005890025119975404,0.007015498756912315,-0.6307975982301912
TSLA,PRICE_ONLY,5,0,test,125,0.013345882777655842,0.017779058690837405,-0.007339195457803704
TSLA,PRICE+TECH,33,0,test,125,0.03465670011179026,0.037695942411492926,-3.528427468032887
TSLA,PRICE+TECH+LAG,38,0,test,125,0.03529488069544074,0.038209796772278856,-3.652727965223619
TSLA,ALL_NO_MACRO,47,0,test,125,0.03741766698710168,0.04011085004888524,-4.127219817080257
TSLA,ALL_NO_REGIME,51,0,test,125,0.025803035287457074,0.029151691728146537,-1.708231162058171
TSLA,ALL_FULL,60,0,test,125,0.025555120023646453,0.028836246668740316,-1.6499377328660292
TSLA,PRICE_ONLY,5,1,test,125,0.012668137975414329,0.017665028355396,-0.0915114453432011
TSLA,PRICE+TECH,33,1,test,125,0.016898268946086776,0.0205118918704053,-0.47167208811123573
TSLA,PRICE+TECH+LAG,38,1,test,125,0.01730409162798697,0.02089347241714663,-0.5269361054442487
TSLA,ALL_NO_MACRO,47,1,test,125,0.01709920821025898,0.02095356279869589,-0.5357317824386232
TSLA,ALL_NO_REGIME,51,1,test,125,0.016420517516205817,0.019699869794126967,-0.35745776967107146
TSLA,ALL_FULL,60,1,test,125,0.016803026933278124,0.02016096044417081,-0.4217461185738627
TSLA,PRICE_ONLY,5,2,test,125,0.0633644929994147,0.06389314352269146,-61.6555999224707
TSLA,PRICE+TECH,33,2,test,125,0.033306668242358034,0.03458088369319571,-17.353696906311814
TSLA,PRICE+TECH+LAG,38,2,test,125,0.03394072168658079,0.03526777144889305,-18.09006541028514
TSLA,ALL_NO_MACRO,47,2,test,125,0.033574013299261775,0.03483751555030972,-17.627120849757404
TSLA,ALL_NO_REGIME,51,2,test,125,0.03470450440265467,0.03614424094477101,-19.050702738865116
TSLA,ALL_FULL,60,2,test,125,0.03466814167834518,0.03620041176420266,-19.113071709555037
TSLA,PRICE_ONLY,5,3,test,125,0.01908511937795153,0.023012416165163953,-2.30078863413833
TSLA,PRICE+TECH,33,3,test,125,0.010272151015763112,0.012406459389077829,0.040623683737811445
TSLA,PRICE+TECH+LAG,38,3,test,125,0.010439827436747469,0.012626894551334063,0.006228852131372142
TSLA,ALL_NO_MACRO,47,3,test,125,0.010847763643665173,0.012685685744009492,-0.0030467468736674608
TSLA,ALL_NO_REGIME,51,3,test,125,0.010543866259155842,0.01212161080210589,0.0841719356191386
TSLA,ALL_FULL,60,3,test,125,0.010212305629664888,0.011860213225580745,0.12324496151542141
TSLA,PRICE_ONLY,5,4,test,125,0.014491195202599547,0.018477825728854314,-0.5697795151968308
TSLA,PRICE+TECH,33,4,test,125,0.01233358013171115,0.016242788258433786,-0.2129924273567403
TSLA,PRICE+TECH+LAG,38,4,test,125,0.012302769503898504,0.01629356671926917,-0.2205884343202511
TSLA,ALL_NO_MACRO,47,4,test,125,0.012694604760772327,0.016676219814009637,-0.27859248044177276
TSLA,ALL_NO_REGIME,51,4,test,125,0.012266143980106111,0.01602341770017997,-0.1804490092477644
TSLA,ALL_FULL,60,4,test,125,0.012365702119790939,0.016292886287199014,-0.22048649099651518
TSLA,PRICE_ONLY,5,5,test,125,0.013341776582489119,0.01638622511958323,-0.3873621712940112
TSLA,PRICE+TECH,33,5,test,125,0.01157038443447661,0.015235856035981214,-0.19940466915452815
TSLA,PRICE+TECH+LAG,38,5,test,125,0.011345107504501732,0.015033980608931963,-0.16783096392536256
TSLA,ALL_NO_MACRO,47,5,test,125,0.01148547531512703,0.01525476017356989,-0.2023828775630938
TSLA,ALL_NO_REGIME,51,5,test,125,0.011029876599014011,0.014575520756847597,-0.0976911808795804
TSLA,ALL_FULL,60,5,test,125,0.011480346361581467,0.014812633451072374,-0.13369587533941507
TSLA,PRICE_ONLY,5,6,test,125,0.013702360759117328,0.016331156172269278,-0.3285098623124716
TSLA,PRICE+TECH,33,6,test,125,0.010952427928842214,0.01378264044887317,0.05377204953070169
TSLA,PRICE+TECH+LAG,38,6,test,125,0.010833994322041596,0.013681497448227015,0.06760875586831672
TSLA,ALL_NO_MACRO,47,6,test,125,0.011101755428656568,0.013906768786021373,0.03665158491264653
TSLA,ALL_NO_REGIME,51,6,test,125,0.014674902570804546,0.01798000251464606,-0.610313430974478
TSLA,ALL_FULL,60,6,test,125,0.013491419306060515,0.01653542677757848,-0.3619517934902656
TSLA,PRICE_ONLY,5,7,test,125,0.013658172922368072,0.016966240824470978,-0.5188229414095105
TSLA,PRICE+TECH,33,7,test,125,0.011545646742020937,0.015759407924384412,-0.3104356163861226
TSLA,PRICE+TECH+LAG,38,7,test,125,0.011512728796395144,0.015730785931970595,-0.3056799531807448
TSLA,ALL_NO_MACRO,47,7,test,125,0.011969618454430918,0.015951472063002955,-0.3425715166469825
TSLA,ALL_NO_REGIME,51,7,test,125,0.01614826898749691,0.019298976276406293,-0.9651895155478685
TSLA,ALL_FULL,60,7,test,125,0.01580951795810904,0.01909404190453625,-0.9236747152183924
TSLA,PRICE_ONLY,5,8,test,125,0.013515316538582458,0.017066611753928276,-0.38900331891531126
TSLA,PRICE+TECH,33,8,test,125,0.014117827713852204,0.019257822985508082,-0.7685732279413249
TSLA,PRICE+TECH+LAG,38,8,test,125,0.013546046342940276,0.01828282674591566,-0.5940258250743529
TSLA,ALL_NO_MACRO,47,8,test,125,0.014137271847398034,0.01887107474533677,-0.6982512200959454
TSLA,ALL_NO_REGIME,51,8,test,125,0.013197167728549659,0.016260808278438253,-0.2609356522659476
TSLA,ALL_FULL,60,8,test,125,0.013526352053425119,0.016662311609570494,-0.3239731262526391
TSLA,PRICE_ONLY,5,9,test,125,0.01273878793085275,0.015917002699543104,-0.5939979247111569
TSLA,PRICE+TECH,33,9,test,125,0.012606078326078412,0.017808689711430965,-0.9953960396399866
TSLA,PRICE+TECH+LAG,38,9,test,125,0.012264095169898487,0.01737026239729374,-0.8983571823921261
TSLA,ALL_NO_MACRO,47,9,test,125,0.012346942974801366,0.01728902385461765,-0.8806419476793756
TSLA,ALL_NO_REGIME,51,9,test,125,0.012725268834423067,0.016154000183526508,-0.6418192324234371
TSLA,ALL_FULL,60,9,test,125,0.012011002408441536,0.015182009230430085,-0.45018588604814513
TSLA,PRICE_ONLY,5,10,test,125,0.012850073353906828,0.015507490415922419,-0.967235940005398
TSLA,PRICE+TECH,33,10,test,125,0.010806883318176776,0.013829573529489462,-0.5645555324941047
TSLA,PRICE+TECH+LAG,38,10,test,125,0.010744971368014111,0.013759392964081723,-0.5487166075176655
TSLA,ALL_NO_MACRO,47,10,test,125,0.010469092609482738,0.013250213584164967,-0.4362140299249806
TSLA,ALL_NO_REGIME,51,10,test,125,0.010481986766916158,0.012662147673349626,-0.3115599774808657
TSLA,ALL_FULL,60,10,test,125,0.010223756418709632,0.012420513267374757,-0.2619800613648384
TSLA,PRICE_ONLY,5,11,test,125,0.01271888761934532,0.014677377546139958,-0.921579755083054
TSLA,PRICE+TECH,33,11,test,125,0.011019293254320738,0.013132918589987363,-0.5384521296021574
TSLA,PRICE+TECH+LAG,38,11,test,125,0.01080051359135241,0.012810884755698622,-0.463928048501671
TSLA,ALL_NO_MACRO,47,11,test,125,0.01067976525800797,0.012727543728705352,-0.44494287806757193
TSLA,ALL_NO_REGIME,51,11,test,125,0.010915727595259848,0.012808488810626436,-0.46338051985428863
TSLA,ALL_FULL,60,11,test,125,0.010644615816644026,0.012535552904886803,-0.4016786919198416
TSLA,PRICE_ONLY,5,12,test,125,0.012109869409908791,0.014438568847990092,-1.13998426763678
TSLA,PRICE+TECH,33,12,test,125,0.008882083358293354,0.011082542557836899,-0.2607851934462839
TSLA,PRICE+TECH+LAG,38,12,test,125,0.009131409324491645,0.011229348768494768,-0.2944087074155921
TSLA,ALL_NO_MACRO,47,12,test,125,0.008967849112843342,0.011171160055348196,-0.28102862092936176
TSLA,ALL_NO_REGIME,51,12,test,125,0.009402989479064108,0.011381019150096204,-0.3296109793259283
TSLA,ALL_FULL,60,12,test,125,0.009206611653536334,0.011136541703921976,-0.27310135373990785
TSLA,PRICE_ONLY,5,13,test,125,0.014536304953984683,0.018149024889189205,-0.6344987034789455
TSLA,PRICE+TECH,33,13,test,125,0.010403391328431065,0.0141758705006915,0.0028110385359242374
TSLA,PRICE+TECH+LAG,38,13,test,125,0.010370148431705934,0.014219453899648567,-0.0033300579283377374
TSLA,ALL_NO_MACRO,47,13,test,125,0.010436020147967547,0.014224869387489304,-0.004094441208788879
TSLA,ALL_NO_REGIME,51,13,test,125,0.010861831355509874,0.014079218877886811,0.016362427898535037
TSLA,ALL_FULL,60,13,test,125,0.010879860055103401,0.01393681107054467,0.03616029390590636
TSLA,PRICE_ONLY,5,14,test,125,0.015059779620770035,0.018937650264045695,-0.5517594910939729
TSLA,PRICE+TECH,33,14,test,125,0.01198962587640428,0.015634858388109622,-0.057694219034320815
TSLA,PRICE+TECH+LAG,38,14,test,125,0.011928380657618367,0.01555819322390171,-0.04734689235213452
TSLA,ALL_NO_MACRO,47,14,test,125,0.011960115716239067,0.015496786032106172,-0.03909558608455632
TSLA,ALL_NO_REGIME,51,14,test,125,0.011473302171502445,0.014937623412509206,0.03453787871193337
TSLA,ALL_FULL,60,14,test,125,0.01152366023363969,0.015062367309439386,0.018345425377393143
TSLA,PRICE_ONLY,5,15,test,125,0.016921212005473786,0.02337408981505305,-0.6108728244682775
TSLA,PRICE+TECH,33,15,test,125,0.014179737888463459,0.019680794319905482,-0.1420288712717277
TSLA,PRICE+TECH+LAG,38,15,test,125,0.014131491461438637,0.019627298238677433,-0.1358288129087215
TSLA,ALL_NO_MACRO,47,15,test,125,0.014347691847872731,0.019659814944767613,-0.13959540423186212
TSLA,ALL_NO_REGIME,51,15,test,125,0.014190320019006417,0.019345642566785438,-0.10346396896919297
TSLA,ALL_FULL,60,15,test,125,0.01432546350237821,0.019344904693410093,-0.10337979485579352
TSLA,PRICE_ONLY,5,16,test,125,0.01971448060846514,0.026050954825287277,-0.6998703878723649
TSLA,PRICE+TECH,33,16,test,125,0.015642436327676854,0.020473316544213492,-0.04989270805174817
TSLA,PRICE+TECH+LAG,38,16,test,125,0.015891282849110577,0.020679178979085784,-0.07111253307306509
TSLA,ALL_NO_MACRO,47,16,test,125,0.015799562257196524,0.020533798039868618,-0.05610497702267403
TSLA,ALL_NO_REGIME,51,16,test,125,0.015794351159057963,0.020465791441405493,-0.04912105988242388
TSLA,ALL_FULL,60,16,test,125,0.01594364381141677,0.020597072607209034,-0.06262374620489708
TSLA,PRICE_ONLY,5,17,test,125,0.018736047291980352,0.025949023704831653,-0.44611663197921514
TSLA,PRICE+TECH,33,17,test,125,0.014097453589660676,0.020513408819722617,0.09627364807691319
TSLA,PRICE+TECH+LAG,38,17,test,125,0.014113004925295903,0.020415713808310296,0.10486113519268625
TSLA,ALL_NO_MACRO,47,17,test,125,0.014128107174556613,0.020581272040847844,0.09028427512310555
TSLA,ALL_NO_REGIME,51,17,test,125,0.014146960015609897,0.019561786788457627,0.17817695067981854
TSLA,ALL_FULL,60,17,test,125,0.014086644730780662,0.019684144766804773,0.16786387486648902
TSLA,PRICE_ONLY,5,18,test,125,0.014574517307713857,0.0188707138429982,-0.43815980067395244
TSLA,PRICE+TECH,33,18,test,125,0.01140001161888497,0.015232451843754841,0.06293414159753563
TSLA,PRICE+TECH+LAG,38,18,test,125,0.011409172297707578,0.015014211187296775,0.08959312685795329
TSLA,ALL_NO_MACRO,47,18,test,125,0.011136301738307309,0.015065186565551543,0.08340071147411687
TSLA,ALL_NO_REGIME,51,18,test,125,0.011032238020865233,0.014608032300314162,0.13818523933291083
TSLA,ALL_FULL,60,18,test,125,0.010883646627738363,0.014708180411589545,0.12632806747440828
TSLA,PRICE_ONLY,5,19,test,125,0.01266448062813642,0.014834721815215817,-1.631861655688076
TSLA,PRICE+TECH,33,19,test,125,0.010733025220106406,0.012836847883868893,-0.9707023435737172
TSLA,PRICE+TECH+LAG,38,19,test,125,0.010619663737365935,0.012704034014244829,-0.930134346840026
TSLA,ALL_NO_MACRO,47,19,test,125,0.010927221582995039,0.013183168739415515,-1.0784705012862204
TSLA,ALL_NO_REGIME,51,19,test,125,0.010280758492782675,0.012275059188225775,-0.8019860854071785
TSLA,ALL_FULL,60,19,test,125,0.009998339604904595,0.012102287087194082,-0.7516169745665713
TSLA,PRICE_ONLY,5,20,test,125,0.013713060544802598,0.01649112322400265,-2.961479146732886
TSLA,PRICE+TECH,33,20,test,125,0.009906103921794297,0.012242918390985225,-1.1833673403604261
TSLA,PRICE+TECH+LAG,38,20,test,125,0.009762455882137507,0.012112670890796616,-1.137158513911615
TSLA,ALL_NO_MACRO,47,20,test,125,0.010289265912097887,0.012725118594628408,-1.3587427461660884
TSLA,ALL_NO_REGIME,51,20,test,125,0.01099068459292711,0.013222266401236965,-1.5466467456081032
TSLA,ALL_FULL,60,20,test,125,0.011015398109593795,0.013208751210389039,-1.5414432766586543
^GSPC,PRICE_ONLY,5,0,test,125,0.010764889943654488,0.013372899357071597,-10.326962099167456
^GSPC,PRICE+TECH,33,0,test,125,0.005785394251950847,0.006937894630528904,-2.04872108521002
^GSPC,PRICE+TECH+LAG,38,0,test,125,0.0056957366930810134,0.006891799915795845,-2.008344832062638
^GSPC,ALL_NO_MACRO,47,0,test,125,0.00499513975598983,0.006243573161409171,-1.4690432936972617
^GSPC,ALL_NO_REGIME,51,0,test,125,0.012157106256146525,0.013216055355372883,-10.062823741247122
^GSPC,ALL_FULL,60,0,test,125,0.011406741044351494,0.0123981034066201,-8.735826000446261
^GSPC,PRICE_ONLY,5,1,test,125,0.009640655486027314,0.011974817427645534,-8.398975983946487
^GSPC,PRICE+TECH,33,1,test,125,0.007656500102320983,0.008487206141944249,-3.721415699790022
^GSPC,PRICE+TECH+LAG,38,1,test,125,0.007752025290424389,0.008642237885024301,-3.895478768445419
^GSPC,ALL_NO_MACRO,47,1,test,125,0.007429637780325325,0.008373430269532342,-3.595677604883879
^GSPC,ALL_NO_REGIME,51,1,test,125,0.008872752152561903,0.009978896884374368,-5.526912766400223
^GSPC,ALL_FULL,60,1,test,125,0.0086131532129129,0.009680843319943316,-5.142838833241962
^GSPC,PRICE_ONLY,5,2,test,125,0.011960424783647736,0.012523473827889901,-16.992848937085203
^GSPC,PRICE+TECH,33,2,test,125,0.007514299172414801,0.00803632658654232,-6.409100129022158
^GSPC,PRICE+TECH+LAG,38,2,test,125,0.007728785488174583,0.008260121632040908,-6.8275021151317885
^GSPC,ALL_NO_MACRO,47,2,test,125,0.00827952180626375,0.008813106874826872,-7.910629417851403
^GSPC,ALL_NO_REGIME,51,2,test,125,0.006300182495510739,0.006798674140410665,-4.302720794932577
^GSPC,ALL_FULL,60,2,test,125,0.006223906021945561,0.006733910271294065,-4.202175016699401
^GSPC,PRICE_ONLY,5,3,test,125,0.004202607595325247,0.0052347948208802736,-1.2593078934052389
^GSPC,PRICE+TECH,33,3,test,125,0.003607053220465112,0.004389849239833134,-0.5888222117296551
^GSPC,PRICE+TECH+LAG,38,3,test,125,0.003519678225254378,0.004306425029126023,-0.5290084073173569
^GSPC,ALL_NO_MACRO,47,3,test,125,0.0034487210807283256,0.004246899970707012,-0.4870314557742832
^GSPC,ALL_NO_REGIME,51,3,test,125,0.0036024384466290626,0.004093574339692339,-0.38159723292180003
^GSPC,ALL_FULL,60,3,test,125,0.0034280886405494127,0.003941094520614159,-0.28058907708760494
^GSPC,PRICE_ONLY,5,4,test,125,0.004153327037223734,0.005200730620492373,-0.4473053425046003
^GSPC,PRICE+TECH,33,4,test,125,0.005024720053702452,0.006938528098180912,-1.5761203543185562
^GSPC,PRICE+TECH+LAG,38,4,test,125,0.004877664766655533,0.006689688518620491,-1.394656582695601
^GSPC,ALL_NO_MACRO,47,4,test,125,0.004771837473485732,0.006356120867411096,-1.1618011354299882
^GSPC,ALL_NO_REGIME,51,4,test,125,0.0041853697963641955,0.005440294678901221,-0.5837123193564293
^GSPC,ALL_FULL,60,4,test,125,0.0042197052645932195,0.005359328755392415,-0.5369234734700152
^GSPC,PRICE_ONLY,5,5,test,125,0.009034689456324348,0.009862571163155354,-3.1294484760023105
^GSPC,PRICE+TECH,33,5,test,125,0.008576620655636582,0.012296814752721066,-5.419438065177107
^GSPC,PRICE+TECH+LAG,38,5,test,125,0.008203482733321096,0.011734467814992239,-4.84572725057085
^GSPC,ALL_NO_MACRO,47,5,test,125,0.00757600557018502,0.0108572826762687,-4.0044233544674315
^GSPC,ALL_NO_REGIME,51,5,test,125,0.006472582506230417,0.009174255573974036,-2.573167875414975
^GSPC,ALL_FULL,60,5,test,125,0.006187835448243645,0.0086838390029024,-2.201365630996335
^GSPC,PRICE_ONLY,5,6,test,125,0.007104927015281048,0.00851805852808176,-1.6671310088259883
^GSPC,PRICE+TECH,33,6,test,125,0.008638449186808419,0.011911287087528208,-4.215314386389105
^GSPC,PRICE+TECH+LAG,38,6,test,125,0.008721887731547957,0.011953730893845767,-4.252548343917056
^GSPC,ALL_NO_MACRO,47,6,test,125,0.008254618789551414,0.011200800686701293,-3.6117021198422714
^GSPC,ALL_NO_REGIME,51,6,test,125,0.006978245557939508,0.009415229133200717,-2.2585538044865068
^GSPC,ALL_FULL,60,6,test,125,0.006397556254122784,0.00849339206659143,-1.6517065011925753
^GSPC,PRICE_ONLY,5,7,test,125,0.006760990350087531,0.008282216659592863,-1.7723353173519194
^GSPC,PRICE+TECH,33,7,test,125,0.0053998824766143564,0.007136856809888467,-1.0585743150869371
^GSPC,PRICE+TECH+LAG,38,7,test,125,0.005536593034916155,0.007349233131429368,-1.1829140263839721
^GSPC,ALL_NO_MACRO,47,7,test,125,0.005415984684826108,0.00705740383904718,-1.0129941913819014
^GSPC,ALL_NO_REGIME,51,7,test,125,0.005032586231265775,0.006472501709837037,-0.693155831201089
^GSPC,ALL_FULL,60,7,test,125,0.004492561882340834,0.005870777111221259,-0.3929764291152935
^GSPC,PRICE_ONLY,5,8,test,125,0.005062533387840456,0.006622497035280971,-1.1040731811713074
^GSPC,PRICE+TECH,33,8,test,125,0.003143655154228035,0.004402520872307637,0.07013448238434816
^GSPC,PRICE+TECH+LAG,38,8,test,125,0.003124044146090408,0.004394660624046253,0.07345187681331933
^GSPC,ALL_NO_MACRO,47,8,test,125,0.0031521195070478756,0.004363148875930678,0.08669179453566056
^GSPC,ALL_NO_REGIME,51,8,test,125,0.003169557218752317,0.00435892164651394,0.08846065146693227
^GSPC,ALL_FULL,60,8,test,125,0.0030207524392860193,0.00419242749276023,0.15676540404327122
^GSPC,PRICE_ONLY,5,9,test,125,0.0029041263463024393,0.003701059175022307,-0.7604475950774863
^GSPC,PRICE+TECH,33,9,test,125,0.0023038370620813357,0.002905408721162062,-0.08488952335334266
^GSPC,PRICE+TECH+LAG,38,9,test,125,0.0022500926050189178,0.002841040580827232,-0.037351449039231266
^GSPC,ALL_NO_MACRO,47,9,test,125,0.0023345527639515055,0.002957897324098943,-0.12444244971250473
^GSPC,ALL_NO_REGIME,51,9,test,125,0.0026704916205334377,0.0032765222546194805,-0.3797401040417687
^GSPC,ALL_FULL,60,9,test,125,0.002721663706114847,0.0033361865917670586,-0.430446794426657
^GSPC,PRICE_ONLY,5,10,test,125,0.002446983037398824,0.0032329051393772835,-1.1705826347004176
^GSPC,PRICE+TECH,33,10,test,125,0.002382235800310583,0.003074837039661012,-0.9635167429804499
^GSPC,PRICE+TECH+LAG,38,10,test,125,0.0023273966672225053,0.0030385008029796597,-0.9173840567475533
^GSPC,ALL_NO_MACRO,47,10,test,125,0.0023630669110242322,0.0030590938771155964,-0.9434618078815489
^GSPC,ALL_NO_REGIME,51,10,test,125,0.003348490038352414,0.0039477762252882985,-2.2366478879391725
^GSPC,ALL_FULL,60,10,test,125,0.0033988323948666126,0.004004232300526944,-2.329882661667054
^GSPC,PRICE_ONLY,5,11,test,125,0.0021405247431145477,0.002936375990155235,-0.8650354097159099
^GSPC,PRICE+TECH,33,11,test,125,0.0023653421875789032,0.0029002962971848385,-0.8194850410985894
^GSPC,PRICE+TECH+LAG,38,11,test,125,0.002318295435855516,0.0028747026129914022,-0.7875146119098457
^GSPC,ALL_NO_MACRO,47,11,test,125,0.0022939051001198965,0.0028099583376420866,-0.7079042323062552
^GSPC,ALL_NO_REGIME,51,11,test,125,0.003653004708073092,0.004187966246276959,-2.793762143956862
^GSPC,ALL_FULL,60,11,test,125,0.003544161742408494,0.004055832761660005,-2.558146546853708
^GSPC,PRICE_ONLY,5,12,test,125,0.0025194945636760344,0.00310441437831264,-0.796920677436376
^GSPC,PRICE+TECH,33,12,test,125,0.0027009750469290787,0.0033653564234556723,-1.1116973144744553
^GSPC,PRICE+TECH+LAG,38,12,test,125,0.002725910290503672,0.0034393907365599446,-1.2056295326309883
^GSPC,ALL_NO_MACRO,47,12,test,125,0.002647524576787312,0.003326360459796053,-1.0630423960160296
^GSPC,ALL_NO_REGIME,51,12,test,125,0.003614956674485654,0.004235655780996636,-2.3451134527107684
^GSPC,ALL_FULL,60,12,test,125,0.0034821096264801414,0.004093087160078621,-2.123715836468649
^GSPC,PRICE_ONLY,5,13,test,125,0.0026397424600647164,0.0031494164211860144,-0.8862350965656169
^GSPC,PRICE+TECH,33,13,test,125,0.003234890974758034,0.003798217511489063,-1.7434390095411647
^GSPC,PRICE+TECH+LAG,38,13,test,125,0.003177333952156054,0.003757244775324707,-1.6845693322007231
^GSPC,ALL_NO_MACRO,47,13,test,125,0.0032463065042442223,0.00381266819632165,-1.7643540772874844
^GSPC,ALL_NO_REGIME,51,13,test,125,0.002182124517886628,0.002666107571113726,-0.35173320592793855
^GSPC,ALL_FULL,60,13,test,125,0.0022071330064946863,0.002670579877937498,-0.356271984600109
^GSPC,PRICE_ONLY,5,14,test,125,0.002877829546428817,0.00359533753445813,-0.10368958343080226
^GSPC,PRICE+TECH,33,14,test,125,0.0035108559631065327,0.004190472050603336,-0.4993171304259809
^GSPC,PRICE+TECH+LAG,38,14,test,125,0.0034751098758567553,0.004153236141593156,-0.4727900976716368
^GSPC,ALL_NO_MACRO,47,14,test,125,0.0035287545257138785,0.0042118481671529935,-0.5146525493325447
^GSPC,ALL_NO_REGIME,51,14,test,125,0.0027887200533021532,0.003956738061863972,-0.33672542234192915
^GSPC,ALL_FULL,60,14,test,125,0.0028076833393748703,0.003971570211043382,-0.3467658501876061
^GSPC,PRICE_ONLY,5,15,test,125,0.002869983843023743,0.003680206064883361,-0.008147948637053037
^GSPC,PRICE+TECH,33,15,test,125,0.0029362963547185632,0.003879537645405684,-0.12031445161139365
^GSPC,PRICE+TECH+LAG,38,15,test,125,0.002944536317064867,0.003913835503400072,-0.14021075827407503
^GSPC,ALL_NO_MACRO,47,15,test,125,0.002910344755697105,0.0038725867105134696,-0.11630353208262845
^GSPC,ALL_NO_REGIME,51,15,test,125,0.0032662165924852607,0.004363151541278469,-0.41703504741686537
^GSPC,ALL_FULL,60,15,test,125,0.0032170123199810625,0.004291324888202602,-0.3707643093720747
^GSPC,PRICE_ONLY,5,16,test,125,0.003981263273807123,0.005943250142298418,-0.45795172934324047
^GSPC,PRICE+TECH,33,16,test,125,0.0030548473377107863,0.004549021841074214,0.14585585053313754
^GSPC,PRICE+TECH+LAG,38,16,test,125,0.0030620560945753177,0.004607038240598478,0.12393009671844579
^GSPC,ALL_NO_MACRO,47,16,test,125,0.0030074544027816705,0.004505462407385452,0.16213535079142838
^GSPC,ALL_NO_REGIME,51,16,test,125,0.003256796608240357,0.004860398988694069,0.024922870489246907
^GSPC,ALL_FULL,60,16,test,125,0.00317211646510662,0.004691797605784495,0.09139804882642166
^GSPC,PRICE_ONLY,5,17,test,125,0.008052210604688722,0.01191958015548018,-0.6980840887656214
^GSPC,PRICE+TECH,33,17,test,125,0.006597663912940121,0.010806531327105599,-0.39575730408374143
^GSPC,PRICE+TECH+LAG,38,17,test,125,0.006480484169133643,0.01053413761404774,-0.3262800918708515
^GSPC,ALL_NO_MACRO,47,17,test,125,0.006362734644861406,0.010191074883774251,-0.24130144579414914
^GSPC,ALL_NO_REGIME,51,17,test,125,0.005638961921889832,0.009110141327682739,0.008055201760402309
^GSPC,ALL_FULL,60,17,test,125,0.005365999407414442,0.008583971135750405,0.11932884309563818
^GSPC,PRICE_ONLY,5,18,test,125,0.005193309578085777,0.007248484716899448,-0.4245108506329196
^GSPC,PRICE+TECH,33,18,test,125,0.005157989709002483,0.00842928163698152,-0.9264264644177675
^GSPC,PRICE+TECH+LAG,38,18,test,125,0.0053007161806996736,0.008724317549818995,-1.0636414194770172
^GSPC,ALL_NO_MACRO,47,18,test,125,0.00496458448779831,0.008005926335057437,-0.7377787648481711
^GSPC,ALL_NO_REGIME,51,18,test,125,0.004528589571470915,0.0069763807274063755,-0.3195676313055422
^GSPC,ALL_FULL,60,18,test,125,0.004383070607958804,0.006460265444103055,-0.1315455277369766
^GSPC,PRICE_ONLY,5,19,test,125,0.0024978439352444444,0.003181237036639167,-0.19110326555773982
^GSPC,PRICE+TECH,33,19,test,125,0.0032846342080825736,0.003795276126377797,-0.6952904385297412
^GSPC,PRICE+TECH+LAG,38,19,test,125,0.0032160493014942865,0.003731802668424381,-0.6390594165804708
^GSPC,ALL_NO_MACRO,47,19,test,125,0.00313034256819921,0.003679009513680205,-0.5930124763676372
^GSPC,ALL_NO_REGIME,51,19,test,125,0.0033465430230334207,0.003897727736906018,-0.788052864025891
^GSPC,ALL_FULL,60,19,test,125,0.0034177236029994994,0.004004270370922016,-0.8871400982322333
^GSPC,PRICE_ONLY,5,20,test,125,0.0026870544142246823,0.0033096262165011638,-0.03237154109361473
^GSPC,PRICE+TECH,33,20,test,125,0.0027585682840507385,0.003524869647623282,-0.17101983162563683
^GSPC,PRICE+TECH+LAG,38,20,test,125,0.002766725591664852,0.0035241405059792293,-0.17053541597367894
^GSPC,ALL_NO_MACRO,47,20,test,125,0.002632640264826223,0.0034269123553549528,-0.10683815698204802
^GSPC,ALL_NO_REGIME,51,20,test,125,0.00309769382035351,0.003782370761834423,-0.34836143734663083
^GSPC,ALL_FULL,60,20,test,125,0.002929138270644925,0.003622031286686457,-0.23646697912098902
^IXIC,PRICE_ONLY,5,0,test,125,0.023366424865267937,0.024833455086816225,-16.83298862776708
^IXIC,PRICE+TECH,33,0,test,125,0.011177598147696768,0.01297194276995042,-3.865863099858279
^IXIC,PRICE+TECH+LAG,38,0,test,125,0.011407809128214562,0.013335649034962644,-4.142545614862285
^IXIC,ALL_NO_MACRO,47,0,test,125,0.01057050386085706,0.012287021390293768,-3.365591213614458
^IXIC,ALL_NO_REGIME,51,0,test,125,0.013732791180286846,0.014869143318813328,-5.393250673085569
^IXIC,ALL_FULL,60,0,test,125,0.01351627465655919,0.014667233478378916,-5.220800139169536
^IXIC,PRICE_ONLY,5,1,test,125,0.007845464517249184,0.008776102403005191,-1.6915382684627542
^IXIC,PRICE+TECH,33,1,test,125,0.008882913261242398,0.01049225863078649,-2.8471150059297328
^IXIC,PRICE+TECH+LAG,38,1,test,125,0.009018946436794264,0.010629098016521264,-2.9481170401522863
^IXIC,ALL_NO_MACRO,47,1,test,125,0.008577528726164924,0.01009765264586365,-2.563182354600016
^IXIC,ALL_NO_REGIME,51,1,test,125,0.007989651425476967,0.009203888400407255,-1.9603283412408388
^IXIC,ALL_FULL,60,1,test,125,0.007917249068172282,0.009124734917663049,-1.9096296125509795
^IXIC,PRICE_ONLY,5,2,test,125,0.018654744444356938,0.01904340491904419,-29.723821810297363
^IXIC,PRICE+TECH,33,2,test,125,0.008656379495840626,0.00921231760416945,-6.189916363203055
^IXIC,PRICE+TECH+LAG,38,2,test,125,0.00882322651817726,0.009390119032963225,-6.470131192159314
^IXIC,ALL_NO_MACRO,47,2,test,125,0.008325405400362688,0.008891710801281505,-5.698178115208906
^IXIC,ALL_NO_REGIME,51,2,test,125,0.007512687614744829,0.008121173535338616,-4.587578212977568
^IXIC,ALL_FULL,60,2,test,125,0.007792435584664576,0.008388063864967297,-4.960867807928373
^IXIC,PRICE_ONLY,5,3,test,125,0.007052771589305749,0.008422973347494766,-2.895405032628636
^IXIC,PRICE+TECH,33,3,test,125,0.003572421100817292,0.004548231722071869,-0.13581325823799917
^IXIC,PRICE+TECH+LAG,38,3,test,125,0.003474745190278771,0.004423294512772473,-0.07427008283920467
^IXIC,ALL_NO_MACRO,47,3,test,125,0.0034547180663404057,0.004345432006062034,-0.036782565919812216
^IXIC,ALL_NO_REGIME,51,3,test,125,0.0037764585324668045,0.004450036059931778,-0.08729859910653248
^IXIC,ALL_FULL,60,3,test,125,0.0037044257735807965,0.004382177341587764,-0.05439094114190879
^IXIC,PRICE_ONLY,5,4,test,125,0.0045868903595718945,0.0055683250653698465,0.1257605993111559
^IXIC,PRICE+TECH,33,4,test,125,0.006065853982116544,0.007815399478317064,-0.7221999723477348
^IXIC,PRICE+TECH+LAG,38,4,test,125,0.006284200430855923,0.008155970823663547,-0.8755668227365534
^IXIC,ALL_NO_MACRO,47,4,test,125,0.0061091457854711905,0.007926394365690665,-0.7714649636203545
^IXIC,ALL_NO_REGIME,51,4,test,125,0.0050376537810776015,0.006086492702711372,-0.044516791740367934
^IXIC,ALL_FULL,60,4,test,125,0.005247873458575315,0.006389413686260883,-0.15107396241040272
^IXIC,PRICE_ONLY,5,5,test,125,0.009674718047184056,0.011160601358476718,-2.727837966410939
^IXIC,PRICE+TECH,33,5,test,125,0.010278719210337812,0.013843488489552178,-4.73552164408804
^IXIC,PRICE+TECH+LAG,38,5,test,125,0.01062757752079654,0.014152111727373892,-4.994104805858999
^IXIC,ALL_NO_MACRO,47,5,test,125,0.010289380664038034,0.013923174605053526,-4.801741492539444
^IXIC,ALL_NO_REGIME,51,5,test,125,0.006635807980529147,0.008632027832992236,-1.2300135357322524
^IXIC,ALL_FULL,60,5,test,125,0.006906893002257506,0.009070008980282193,-1.4620522720191271
^IXIC,PRICE_ONLY,5,6,test,125,0.007866108384381728,0.009818326331741912,-1.2759576466682474
^IXIC,PRICE+TECH,33,6,test,125,0.009463800542065673,0.013008952000703941,-2.9955251918409784
^IXIC,PRICE+TECH+LAG,38,6,test,125,0.009580120972236802,0.013030701312429654,-3.008896378959667
^IXIC,ALL_NO_MACRO,47,6,test,125,0.009544205861581948,0.013140362358153194,-3.0766547579598233
^IXIC,ALL_NO_REGIME,51,6,test,125,0.00715673555784031,0.009211749602832338,-1.0034268933476715
^IXIC,ALL_FULL,60,6,test,125,0.007037367055989468,0.009218931472850269,-1.006552023978243
^IXIC,PRICE_ONLY,5,7,test,125,0.006091881646064343,0.007860945366200424,-0.656567625591489
^IXIC,PRICE+TECH,33,7,test,125,0.005477548405681592,0.007075710008053115,-0.3421457009631985
^IXIC,PRICE+TECH+LAG,38,7,test,125,0.005626491867436351,0.007198218445743129,-0.3890237070272944
^IXIC,ALL_NO_MACRO,47,7,test,125,0.0055155235851693084,0.007189960344695473,-0.38583844156715585
^IXIC,ALL_NO_REGIME,51,7,test,125,0.005558611386032574,0.007155810182687361,-0.37270506908232326
^IXIC,ALL_FULL,60,7,test,125,0.005333302686765292,0.006847113560839481,-0.25682460802718277
^IXIC,PRICE_ONLY,5,8,test,125,0.004575196361513077,0.006286677492165325,-0.16536167596926332
^IXIC,PRICE+TECH,33,8,test,125,0.004285026258517605,0.005658181857201941,0.0559996129037591
^IXIC,PRICE+TECH+LAG,38,8,test,125,0.004294020905329609,0.005703016759782453,0.040979999599294326
^IXIC,ALL_NO_MACRO,47,8,test,125,0.0042780878122223856,0.005704005179636907,0.04064754518326763
^IXIC,ALL_NO_REGIME,51,8,test,125,0.004163674786725132,0.0055684703490915255,0.08569690119559203
^IXIC,ALL_FULL,60,8,test,125,0.004162086866884488,0.005516424982293138,0.1027079871519998
^IXIC,PRICE_ONLY,5,9,test,125,0.005716444889109239,0.00687850010129292,-2.836698686650319
^IXIC,PRICE+TECH,33,9,test,125,0.0036660325236648555,0.004595842999154977,-0.7127759873794732
^IXIC,PRICE+TECH+LAG,38,9,test,125,0.003684588008829632,0.004592667823144482,-0.710410159565688
^IXIC,ALL_NO_MACRO,47,9,test,125,0.0035574129790558765,0.004442749740051986,-0.6005671443694713
^IXIC,ALL_NO_REGIME,51,9,test,125,0.0033796613765739807,0.0041408614736685315,-0.3904379142629204
^IXIC,ALL_FULL,60,9,test,125,0.003250388553783522,0.004078451445704958,-0.3488410982305401
^IXIC,PRICE_ONLY,5,10,test,125,0.0047252554820702815,0.0060447713930334756,-4.011092955845885
^IXIC,PRICE+TECH,33,10,test,125,0.003442955475314559,0.004245933611622522,-1.4724020545987933
^IXIC,PRICE+TECH+LAG,38,10,test,125,0.003465743335439885,0.004246735687232982,-1.473336238160019
^IXIC,ALL_NO_MACRO,47,10,test,125,0.0033721925626540826,0.0041579435428741015,-1.3709908247673308
^IXIC,ALL_NO_REGIME,51,10,test,125,0.0035120344111953263,0.004447347740457731,-1.712532023627218
^IXIC,ALL_FULL,60,10,test,125,0.003213881675127061,0.004137536105967711,-1.3477740086444059
^IXIC,PRICE_ONLY,5,11,test,125,0.00370435223459131,0.004677858660147633,-1.7498186183871236
^IXIC,PRICE+TECH,33,11,test,125,0.0029614806367940327,0.003607799044859808,-0.6356656579005611
^IXIC,PRICE+TECH+LAG,38,11,test,125,0.0029386638781083666,0.0035507947148783916,-0.584385964505475
^IXIC,ALL_NO_MACRO,47,11,test,125,0.002927878451281408,0.003582469102096608,-0.6127786430086641
^IXIC,ALL_NO_REGIME,51,11,test,125,0.0036770062754832218,0.004497573887500657,-1.5419468788637634
^IXIC,ALL_FULL,60,11,test,125,0.0035435670334272116,0.0043878274409089165,-1.4194070208576974
^IXIC,PRICE_ONLY,5,12,test,125,0.004598201604947797,0.005462707196338835,-1.736473078221612
^IXIC,PRICE+TECH,33,12,test,125,0.0032864089663780984,0.003987388216398862,-0.45798271929615986
^IXIC,PRICE+TECH+LAG,38,12,test,125,0.003271091502261121,0.003963866575052114,-0.44083214653654856
^IXIC,ALL_NO_MACRO,47,12,test,125,0.003233795216628983,0.003957162188611763,-0.43596229228264205
^IXIC,ALL_NO_REGIME,51,12,test,125,0.003491959206053911,0.004231001986715771,-0.6415790194361095
^IXIC,ALL_FULL,60,12,test,125,0.0033422275892605285,0.004064304308368152,-0.5147737467909779
^IXIC,PRICE_ONLY,5,13,test,125,0.005520047599839492,0.006321691230748057,-2.5056031804683534
^IXIC,PRICE+TECH,33,13,test,125,0.0037337006594893455,0.004450672067211849,-0.7375903116202609
^IXIC,PRICE+TECH+LAG,38,13,test,125,0.003712114951370975,0.004439332025714522,-0.7287470433656815
^IXIC,ALL_NO_MACRO,47,13,test,125,0.003641545417240101,0.0043420211648752755,-0.6537888770358762
^IXIC,ALL_NO_REGIME,51,13,test,125,0.002600755298754916,0.003183304554334039,0.1111006764144351
^IXIC,ALL_FULL,60,13,test,125,0.0026555817443003923,0.003237597547687834,0.08052077863636875
^IXIC,PRICE_ONLY,5,14,test,125,0.005146109097617149,0.006023067870520047,-0.7585465360310415
^IXIC,PRICE+TECH,33,14,test,125,0.004010326521757799,0.00476701115474793,-0.10156641817651924
^IXIC,PRICE+TECH+LAG,38,14,test,125,0.004017082870966616,0.004742059042616934,-0.0900646736151991
^IXIC,ALL_NO_MACRO,47,14,test,125,0.0040306145417079685,0.004763207223997083,-0.09980908622284046
^IXIC,ALL_NO_REGIME,51,14,test,125,0.0040469778287358475,0.00522152128321511,-0.32163781570872874
^IXIC,ALL_FULL,60,14,test,125,0.0040944415693537906,0.005246131803230709,-0.33412568840555523
^IXIC,PRICE_ONLY,5,15,test,125,0.005229997800319795,0.006184430962832604,-0.768223746875325
^IXIC,PRICE+TECH,33,15,test,125,0.004461422164687171,0.005356506464542559,-0.3264808783231037
^IXIC,PRICE+TECH+LAG,38,15,test,125,0.004514801304811377,0.005407808001212505,-0.35201109365097816
^IXIC,ALL_NO_MACRO,47,15,test,125,0.004454686903971977,0.005361340462229928,-0.32887613310308894
^IXIC,ALL_NO_REGIME,51,15,test,125,0.004666107810264573,0.005890249069882454,-0.6040025184532305
^IXIC,ALL_FULL,60,15,test,125,0.004553594472088742,0.005754497510367224,-0.5309201529198986
^IXIC,PRICE_ONLY,5,16,test,125,0.006687952755844785,0.008580498223277404,-1.1360509054762393
^IXIC,PRICE+TECH,33,16,test,125,0.004136687313463755,0.005548594363587896,0.10679213256232056
^IXIC,PRICE+TECH+LAG,38,16,test,125,0.00415416819223889,0.005610131755740875,0.08686979506846282
^IXIC,ALL_NO_MACRO,47,16,test,125,0.0041873877087136935,0.005650446914760073,0.07369888837158822
^IXIC,ALL_NO_REGIME,51,16,test,125,0.004178513658384683,0.0056895862750893905,0.06082189013749428
^IXIC,ALL_FULL,60,16,test,125,0.004175967771020265,0.005688743086886747,0.06110023910159901
^IXIC,PRICE_ONLY,5,17,test,125,0.010569138394993615,0.014360683722054325,-0.6828788621233128
^IXIC,PRICE+TECH,33,17,test,125,0.006651284094936988,0.010437013682988426,0.11109545610198646
^IXIC,PRICE+TECH+LAG,38,17,test,125,0.006769070974242477,0.010676368401424503,0.0698569977943182
^IXIC,ALL_NO_MACRO,47,17,test,125,0.006842493667214549,0.010636577413872824,0.07677739176682319
^IXIC,ALL_NO_REGIME,51,17,test,125,0.005625215631414998,0.008745973240602218,0.37580697834815036
^IXIC,ALL_FULL,60,17,test,125,0.00564048918714532,0.008773945696722001,0.37180785026149155
^IXIC,PRICE_ONLY,5,18,test,125,0.004501683736806497,0.007815246165381777,-0.05607254604959211
^IXIC,PRICE+TECH,33,18,test,125,0.007002882394040637,0.008847340442410189,-0.3534241040446804
^IXIC,PRICE+TECH+LAG,38,18,test,125,0.007257147013549008,0.009216906948729264,-0.4688546913628693
^IXIC,ALL_NO_MACRO,47,18,test,125,0.006778832842717693,0.008506631265233886,-0.2511910945804545
^IXIC,ALL_NO_REGIME,51,18,test,125,0.005588758004636537,0.0065786301914892995,0.2516937434690425
^IXIC,ALL_FULL,60,18,test,125,0.005634316513995867,0.006625520857037696,0.24098828405181816
^IXIC,PRICE_ONLY,5,19,test,125,0.009283080343564783,0.010101161931026911,-4.110686520864858
^IXIC,PRICE+TECH,33,19,test,125,0.005384628594385794,0.006510587690725982,-1.1231318330560964
^IXIC,PRICE+TECH+LAG,38,19,test,125,0.005399863235423443,0.006536522055406257,-1.1400801472046904
^IXIC,ALL_NO_MACRO,47,19,test,125,0.00544106272819881,0.0065748304168974266,-1.1652382360223585
^IXIC,ALL_NO_REGIME,51,19,test,125,0.005071962354950727,0.0060531491206016995,-0.8352672821220917
^IXIC,ALL_FULL,60,19,test,125,0.005022279992152334,0.006021700055881035,-0.816246602720111
^IXIC,PRICE_ONLY,5,20,test,125,0.007260202685203197,0.008098464991202241,-2.3096761779811903
^IXIC,PRICE+TECH,33,20,test,125,0.003889627220418428,0.004893309798055669,-0.20832986579359503
^IXIC,PRICE+TECH+LAG,38,20,test,125,0.00394591368658032,0.00492796947251469,-0.22550786686856128
^IXIC,ALL_NO_MACRO,47,20,test,125,0.003828294501824034,0.004815070473093077,-0.16999870603379108
^IXIC,ALL_NO_REGIME,51,20,test,125,0.004139694631035229,0.0050517388112284066,-0.28783985840118387
^IXIC,ALL_FULL,60,20,test,125,0.003943173205633198,0.004877713468451212,-0.20063957896905182
^VIX,PRICE_ONLY,5,0,test,125,0.04125316136325282,0.05967190406604116,-0.25560961084265776
^VIX,PRICE+TECH,33,0,test,125,0.035155515701572077,0.054456247927584314,-0.045707611334171006
^VIX,PRICE+TECH+LAG,38,0,test,125,0.03507314724567169,0.054245790265282354,-0.037640514523789914
^VIX,ALL_NO_MACRO,47,0,test,125,0.0353936843818087,0.05459441302419335,-0.05102063177282856
^VIX,ALL_NO_REGIME,51,0,test,125,0.036861968145161926,0.055835992716226794,-0.09936858659943004
^VIX,ALL_FULL,60,0,test,125,0.037125498212307546,0.05633275922145842,-0.11901752235441565
^VIX,PRICE_ONLY,5,1,test,125,0.042333227296504045,0.060147981399892,-0.1422668590478573
^VIX,PRICE+TECH,33,1,test,125,0.03295876238771562,0.052722900006014914,0.12234457008254351
^VIX,PRICE+TECH+LAG,38,1,test,125,0.03322154282959363,0.05265985037073648,0.1244424352439002
^VIX,ALL_NO_MACRO,47,1,test,125,0.03340576052837275,0.05321751250244669,0.10580012490901647
^VIX,ALL_NO_REGIME,51,1,test,125,0.035791489520153354,0.05348536730688599,0.09677608422691053
^VIX,ALL_FULL,60,1,test,125,0.03621821527566518,0.05287298879278438,0.11734053068649564
^VIX,PRICE_ONLY,5,2,test,125,0.03451544378174458,0.04137632606285983,-0.18105483865185867
^VIX,PRICE+TECH,33,2,test,125,0.029861958454114778,0.036983958169015806,0.056389009973822235
^VIX,PRICE+TECH+LAG,38,2,test,125,0.029873764115983775,0.03710633291469917,0.05013412517673399
^VIX,ALL_NO_MACRO,47,2,test,125,0.029894478946667365,0.0373599414716493,0.03710576545927213
^VIX,ALL_NO_REGIME,51,2,test,125,0.029756977433684505,0.03757080552611801,0.02620570700549607
^VIX,ALL_FULL,60,2,test,125,0.030008923027668,0.038119166524308516,-0.0024275739792334328
^VIX,PRICE_ONLY,5,3,test,125,0.0340694339210224,0.04686091580291279,0.09015208600120661
^VIX,PRICE+TECH,33,3,test,125,0.032886156708542155,0.04603756657480612,0.1218433792522482
^VIX,PRICE+TECH+LAG,38,3,test,125,0.03321442483560352,0.046642065614576275,0.09863059809150665
^VIX,ALL_NO_MACRO,47,3,test,125,0.03395198202664502,0.04742487646229715,0.06812067438480673
^VIX,ALL_NO_REGIME,51,3,test,125,0.03387181795936433,0.04634936930155017,0.10990795852961799
^VIX,ALL_FULL,60,3,test,125,0.03396661589306994,0.046586829141447066,0.100764250826331
^VIX,PRICE_ONLY,5,4,test,125,0.03063438715057221,0.04454882104229767,0.07027339031816426
^VIX,PRICE+TECH,33,4,test,125,0.028530701201313458,0.0422013823767646,0.1656732171249372
^VIX,PRICE+TECH+LAG,38,4,test,125,0.02820280712931182,0.0419770823532796,0.1745185290049308
^VIX,ALL_NO_MACRO,47,4,test,125,0.028590381746232154,0.042797056586606715,0.1419538783579627
^VIX,ALL_NO_REGIME,51,4,test,125,0.03012588246679492,0.0422350150115156,0.16434284414177946
^VIX,ALL_FULL,60,4,test,125,0.030215190365595158,0.042798253100994804,0.14190589940970078
^VIX,PRICE_ONLY,5,5,test,125,0.02830631088982258,0.03530798975674748,-0.22385696378787645
^VIX,PRICE+TECH,33,5,test,125,0.026077003078483544,0.03165501800877956,0.01628383198146266
^VIX,PRICE+TECH+LAG,38,5,test,125,0.025757871459941097,0.03147526191429956,0.02742436623304345
^VIX,ALL_NO_MACRO,47,5,test,125,0.025598077409476637,0.031562909575664225,0.0220002545954181
^VIX,ALL_NO_REGIME,51,5,test,125,0.026617163156497252,0.03145829149446914,0.028472844710350276
^VIX,ALL_FULL,60,5,test,125,0.026935448618781468,0.031906405564542176,0.000597475863810204
^VIX,PRICE_ONLY,5,6,test,125,0.02727931162959581,0.035424831336904106,-0.2698112373924084
^VIX,PRICE+TECH,33,6,test,125,0.02596935698521197,0.032345729795655455,-0.05866240878665829
^VIX,PRICE+TECH+LAG,38,6,test,125,0.025988591627379907,0.03231585515648697,-0.05670774261081735
^VIX,ALL_NO_MACRO,47,6,test,125,0.02534014448956975,0.03190282377180813,-0.029868639161131805
^VIX,ALL_NO_REGIME,51,6,test,125,0.030059655422103614,0.03596671349429018,-0.3089561397972962
^VIX,ALL_FULL,60,6,test,125,0.030391477863537082,0.03606798779694163,-0.31633797940762287
^VIX,PRICE_ONLY,5,7,test,125,0.028485957968265373,0.03591632317839312,-2.9068483163802377
^VIX,PRICE+TECH,33,7,test,125,0.03058461791378852,0.038072385923115105,-3.3899845997401847
^VIX,PRICE+TECH+LAG,38,7,test,125,0.0298590791030389,0.0371217075959672,-3.173483488365444
^VIX,ALL_NO_MACRO,47,7,test,125,0.030836585308942517,0.038136628909830945,-3.4048123369181207
^VIX,ALL_NO_REGIME,51,7,test,125,0.037819647673981716,0.04456929327330249,-5.016089711802613
^VIX,ALL_FULL,60,7,test,125,0.03825028719539487,0.04484860252324257,-5.091729895149231
^VIX,PRICE_ONLY,5,8,test,125,0.03202175053854478,0.03861097282084255,-1.9157570188534851
^VIX,PRICE+TECH,33,8,test,125,0.03897378121976624,0.04647057115803775,-3.2236299648928792
^VIX,PRICE+TECH+LAG,38,8,test,125,0.0363673210130882,0.04323910584866636,-2.656648798824068
^VIX,ALL_NO_MACRO,47,8,test,125,0.03581793714486395,0.04267510310153235,-2.561877669298169
^VIX,ALL_NO_REGIME,51,8,test,125,0.03756540431436725,0.043305239921880116,-2.667843018178403
^VIX,ALL_FULL,60,8,test,125,0.041222572547279124,0.046240136615005416,-3.1818462239368666
^VIX,PRICE_ONLY,5,9,test,125,0.03109559939367348,0.03888623962093594,-1.8499391117640793
^VIX,PRICE+TECH,33,9,test,125,0.03623366571854959,0.04390560608208028,-2.6331525934241125
^VIX,PRICE+TECH+LAG,38,9,test,125,0.03484269524515703,0.04199324980821997,-2.3235533648772275
^VIX,ALL_NO_MACRO,47,9,test,125,0.03399457902685774,0.04061133344212953,-2.108409190826599
^VIX,ALL_NO_REGIME,51,9,test,125,0.03949040674711823,0.04507967947756174,-2.8300577687486115
^VIX,ALL_FULL,60,9,test,125,0.03906216193331467,0.04426743673851501,-2.693281717031605
^VIX,PRICE_ONLY,5,10,test,125,0.026577160921129064,0.03447811122869332,-2.6750248125194873
^VIX,PRICE+TECH,33,10,test,125,0.02723831925913032,0.03399970900820908,-2.573746499866429
^VIX,PRICE+TECH+LAG,38,10,test,125,0.027021859195548316,0.033804312418198174,-2.5327878364956304
^VIX,ALL_NO_MACRO,47,10,test,125,0.026596168650067115,0.03254547601531329,-2.27457241362828
^VIX,ALL_NO_REGIME,51,10,test,125,0.034982687207648425,0.04121927994237197,-4.252597764887277
^VIX,ALL_FULL,60,10,test,125,0.035050971285800606,0.04034921696384321,-4.033192779259549
^VIX,PRICE_ONLY,5,11,test,125,0.02712091073162987,0.03333870962451808,-1.8657418156331982
^VIX,PRICE+TECH,33,11,test,125,0.035125757184935165,0.041292985927592174,-3.396348018750585
^VIX,PRICE+TECH+LAG,38,11,test,125,0.03421071228111431,0.04034342139178081,-3.1964779057196004
^VIX,ALL_NO_MACRO,47,11,test,125,0.03361978359247535,0.0395182147182376,-3.0265595007628994
^VIX,ALL_NO_REGIME,51,11,test,125,0.03181772127940754,0.037813458245529424,-2.6866531792392294
^VIX,ALL_FULL,60,11,test,125,0.03214438492384257,0.03821678398342469,-2.7657177284348444
^VIX,PRICE_ONLY,5,12,test,125,0.030225458812005505,0.03749129276325867,-3.1149344573770605
^VIX,PRICE+TECH,33,12,test,125,0.039154176919069396,0.043549574693574455,-4.552261680957968
^VIX,PRICE+TECH+LAG,38,12,test,125,0.03819527275118761,0.042611992815105665,-4.315765089132512
^VIX,ALL_NO_MACRO,47,12,test,125,0.03776394428609079,0.04251741885043228,-4.2921954291174185
^VIX,ALL_NO_REGIME,51,12,test,125,0.04032430636957915,0.04521251483303825,-4.984383528222437
^VIX,ALL_FULL,60,12,test,125,0.038728770324886384,0.04351886068323454,-4.5444328059971415
^VIX,PRICE_ONLY,5,13,test,125,0.027616673825313028,0.03677830739432663,-2.9354776214868594
^VIX,PRICE+TECH,33,13,test,125,0.03387247004377502,0.039238885571339234,-3.4796831721873227
^VIX,PRICE+TECH+LAG,38,13,test,125,0.03246582807316154,0.03792568453306373,-3.184858972045901
^VIX,ALL_NO_MACRO,47,13,test,125,0.03219540461268547,0.03750330747751879,-3.0921647651412947
^VIX,ALL_NO_REGIME,51,13,test,125,0.024022282931180333,0.03431174249017741,-2.4253071275246927
^VIX,ALL_FULL,60,13,test,125,0.023963008415681407,0.03304594807606373,-2.1772427896844238
^VIX,PRICE_ONLY,5,14,test,125,0.038482365218908854,0.06119444678049409,-0.052420507018810625
^VIX,PRICE+TECH,33,14,test,125,0.03885657118079796,0.055877200301700285,0.12252540424913394
^VIX,PRICE+TECH+LAG,38,14,test,125,0.03897350631882194,0.05597849629928768,0.11934109184434372
^VIX,ALL_NO_MACRO,47,14,test,125,0.03734490228318881,0.054392046971809375,0.16855010562525596
^VIX,ALL_NO_REGIME,51,14,test,125,0.035505314345887815,0.05862273355555918,0.03417730302498667
^VIX,ALL_FULL,60,14,test,125,0.03475265166807207,0.05737996718295343,0.07469295854046054
^VIX,PRICE_ONLY,5,15,test,125,0.046882188939357,0.07766832110671108,-0.01724255832438404
^VIX,PRICE+TECH,33,15,test,125,0.045112853890741995,0.07736757965932485,-0.009380029530343226
^VIX,PRICE+TECH+LAG,38,15,test,125,0.04502799054129956,0.07669268470111662,0.008153264222248713
^VIX,ALL_NO_MACRO,47,15,test,125,0.0445426586684014,0.07605628586614543,0.024545732597728964
^VIX,ALL_NO_REGIME,51,15,test,125,0.04611910560765895,0.08297853162832897,-0.1610961292581785
^VIX,ALL_FULL,60,15,test,125,0.046288786423800646,0.08235025565057925,-0.14358010163829826
^VIX,PRICE_ONLY,5,16,test,125,0.03741033872716572,0.06459851985239161,-0.042512627670281855
^VIX,PRICE+TECH,33,16,test,125,0.03654600338560695,0.06637557943755162,-0.10065913061705878
^VIX,PRICE+TECH+LAG,38,16,test,125,0.036682259951081035,0.06644194063227135,-0.1028610719972769
^VIX,ALL_NO_MACRO,47,16,test,125,0.036608485531404944,0.06592679453543605,-0.08582568427049808
^VIX,ALL_NO_REGIME,51,16,test,125,0.03819154535505696,0.07135335518111695,-0.2719352068391334
^VIX,ALL_FULL,60,16,test,125,0.03745233110711652,0.07086284228169673,-0.2545076830100468
^VIX,PRICE_ONLY,5,17,test,125,0.03138572536497036,0.047920102073858904,0.05338490648357419
^VIX,PRICE+TECH,33,17,test,125,0.028179996946275165,0.044357769039620805,0.18889449945231207
^VIX,PRICE+TECH+LAG,38,17,test,125,0.02856321140900723,0.04442103181079214,0.18657926251538148
^VIX,ALL_NO_MACRO,47,17,test,125,0.028023309302919155,0.04379434701884703,0.2093685850542163
^VIX,ALL_NO_REGIME,51,17,test,125,0.03256646624473047,0.05196456567346142,-0.1131471006312279
^VIX,ALL_FULL,60,17,test,125,0.031825549825274295,0.05074029424821021,-0.06131406269016426
^VIX,PRICE_ONLY,5,18,test,125,0.02921608262377526,0.03827569822023322,-0.3571959111031009
^VIX,PRICE+TECH,33,18,test,125,0.022806103476426788,0.02795406370161587,0.2760872929613333
^VIX,PRICE+TECH+LAG,38,18,test,125,0.02283129308090492,0.027995565297803962,0.2739362043030237
^VIX,ALL_NO_MACRO,47,18,test,125,0.022710262709071508,0.02812267832651607,0.26732789387651945
^VIX,ALL_NO_REGIME,51,18,test,125,0.023188112276431385,0.02813424741467428,0.26672495758535086
^VIX,ALL_FULL,60,18,test,125,0.023536345771387326,0.028618023712743437,0.24129040327958418
^VIX,PRICE_ONLY,5,19,test,125,0.03104707195415329,0.037986526342017574,-0.23628961070674848
^VIX,PRICE+TECH,33,19,test,125,0.02576103321107429,0.032888089609888815,0.07330173328028933
^VIX,PRICE+TECH+LAG,38,19,test,125,0.025463651732141705,0.03266160369278474,0.08602131773681587
^VIX,ALL_NO_MACRO,47,19,test,125,0.02509084572928543,0.032511404974166595,0.09440809394519267
^VIX,ALL_NO_REGIME,51,19,test,125,0.03507362576848597,0.04189551088842964,-0.5038206287610385
^VIX,ALL_FULL,60,19,test,125,0.03572643419706732,0.04233062467337462,-0.5352192641744953
^VIX,PRICE_ONLY,5,20,test,125,0.029857114893269997,0.03867136956314317,-0.15742669909534768
^VIX,PRICE+TECH,33,20,test,125,0.02724476796200168,0.035762330932994996,0.01015766246500438
^VIX,PRICE+TECH+LAG,38,20,test,125,0.027079665764382574,0.035457194035341214,0.02697697300619628
^VIX,ALL_NO_MACRO,47,20,test,125,0.026565482283985625,0.03483757473265979,0.06068725111650741
^VIX,ALL_NO_REGIME,51,20,test,125,0.029082188372617803,0.034527321904679546,0.0773432192943827
^VIX,ALL_FULL,60,20,test,125,0.027585225136594234,0.033636392740899336,0.12434462157539616
^IRX,PRICE_ONLY,5,0,test,125,0.4290611301425647,0.5015674214737246,-275.74334827182776
^IRX,PRICE+TECH,33,0,test,125,0.53022144480724,0.5418504282552679,-321.9813112405394
^IRX,PRICE+TECH+LAG,38,0,test,125,0.565461670628682,0.5788140912076046,-367.5502773552252
^IRX,ALL_NO_MACRO,47,0,test,125,0.5227289518542836,0.531166433177273,-309.3700425913352
^IRX,ALL_NO_REGIME,51,0,test,125,0.79250977952964,0.8132333619084685,-726.5266807298168
^IRX,ALL_FULL,60,0,test,125,0.8751846902812858,0.8917687466483637,-873.8287499178417
^IRX,PRICE_ONLY,5,1,test,125,0.47782983678691227,0.6226635089555234,-19.287166327680726
^IRX,PRICE+TECH,33,1,test,125,0.5086495675607905,0.5281866301856064,-13.597865842641422
^IRX,PRICE+TECH+LAG,38,1,test,125,0.5368416696968071,0.555965654046229,-15.17374107668681
^IRX,ALL_NO_MACRO,47,1,test,125,0.46882218210303406,0.48405839599666134,-11.260553453214467
^IRX,ALL_NO_REGIME,51,1,test,125,0.635942515852515,0.6603068370020453,-21.81424749460438
^IRX,ALL_FULL,60,1,test,125,0.650506426821111,0.6750413061187083,-22.843788289729865
^IRX,PRICE_ONLY,5,2,test,125,0.36500534456583894,0.5334191359023772,-2.811965492144718
^IRX,PRICE+TECH,33,2,test,125,0.3666867453930993,0.40562466545049475,-1.2042481723015914
^IRX,PRICE+TECH+LAG,38,2,test,125,0.37476168282353367,0.4132396930278081,-1.2877883176464726
^IRX,ALL_NO_MACRO,47,2,test,125,0.34147815629940315,0.3707410262188207,-0.8414209206848391
^IRX,ALL_NO_REGIME,51,2,test,125,0.43985638776768826,0.4733170296558746,-2.0013458187941033
^IRX,ALL_FULL,60,2,test,125,0.37409278337310986,0.4008795814633154,-1.1529782877054808
^IRX,PRICE_ONLY,5,3,test,125,0.3908168094611286,0.5850526120940034,-5.720790544492409
^IRX,PRICE+TECH,33,3,test,125,0.358390775694261,0.378612568005553,-1.8146251746003994
^IRX,PRICE+TECH+LAG,38,3,test,125,0.369386207210627,0.3926240524136953,-2.0268041295516226
^IRX,ALL_NO_MACRO,47,3,test,125,0.31366962907330215,0.3305650202399639,-1.1455779940283661
^IRX,ALL_NO_REGIME,51,3,test,125,0.41394065296620675,0.4310009430107331,-2.6474299179383434
^IRX,ALL_FULL,60,3,test,125,0.35486452092080506,0.3683705926366643,-1.6644061097976133
^IRX,PRICE_ONLY,5,4,test,125,0.7401464681713408,1.2537341964949649,-266.64368059150974
^IRX,PRICE+TECH,33,4,test,125,0.300266207490778,0.31323321663215203,-15.70635365969051
^IRX,PRICE+TECH+LAG,38,4,test,125,0.32310430446200084,0.33351974432915144,-17.940400086120597
^IRX,ALL_NO_MACRO,47,4,test,125,0.18295398048027525,0.20457974706206053,-6.126418533296205
^IRX,ALL_NO_REGIME,51,4,test,125,0.3140430838372258,0.326673041043835,-17.170741122739244
^IRX,ALL_FULL,60,4,test,125,0.21546610431774466,0.23294546471404143,-8.239629761283599
^IRX,PRICE_ONLY,5,5,test,125,0.34660485497923577,0.8756606554118148,-133.43909006703097
^IRX,PRICE+TECH,33,5,test,125,0.08609462052690955,0.11533545959791913,-1.332274113950489
^IRX,PRICE+TECH+LAG,38,5,test,125,0.09078026103580665,0.12039108232855207,-1.5412215440096646
^IRX,ALL_NO_MACRO,47,5,test,125,0.0800382036108776,0.10808534463555086,-1.048271462428501
^IRX,ALL_NO_REGIME,51,5,test,125,0.10164061917410348,0.12582735750705729,-1.7759014459718592
^IRX,ALL_FULL,60,5,test,125,0.08872439027747005,0.11130197465683189,-1.171999043786117
^IRX,PRICE_ONLY,5,6,test,125,0.03297549545586364,0.04390389538773218,-0.1338032581956683
^IRX,PRICE+TECH,33,6,test,125,0.03540386381947523,0.0578301855980174,-0.9671648839321889
^IRX,PRICE+TECH+LAG,38,6,test,125,0.03437414209347236,0.05589604737791748,-0.8377811287031502
^IRX,ALL_NO_MACRO,47,6,test,125,0.033164385019282136,0.05285291761158044,-0.6431209152222392
^IRX,ALL_NO_REGIME,51,6,test,125,0.04301040992363782,0.06790492467012411,-1.7122775826507355
^IRX,ALL_FULL,60,6,test,125,0.0364326058612217,0.05433096204908216,-0.7363064614202679
^IRX,PRICE_ONLY,5,7,test,125,0.020288554313783302,0.027316909278293108,-0.601983723459758
^IRX,PRICE+TECH,33,7,test,125,0.012145908612332555,0.020936350425911337,0.05898415523173706
^IRX,PRICE+TECH+LAG,38,7,test,125,0.01215897023714394,0.021325780561970084,0.02365152839321416
^IRX,ALL_NO_MACRO,47,7,test,125,0.012172870295227529,0.020592528066071897,0.0896376008194355
^IRX,ALL_NO_REGIME,51,7,test,125,0.011842221564609207,0.020884538783919035,0.06363589699427785
^IRX,ALL_FULL,60,7,test,125,0.01216900308569166,0.020212551301501017,0.12292395622847518
^IRX,PRICE_ONLY,5,8,test,125,0.012342982918024825,0.01465009583052251,-1.1941935121962257
^IRX,PRICE+TECH,33,8,test,125,0.007371382425956633,0.009113264305824128,0.15093306709625132
^IRX,PRICE+TECH+LAG,38,8,test,125,0.006756058040047285,0.00826899396937342,0.30096431606997276
^IRX,ALL_NO_MACRO,47,8,test,125,0.007428251596637853,0.009247952194172066,0.12565033568335748
^IRX,ALL_NO_REGIME,51,8,test,125,0.006121006451193204,0.007574192054320221,0.4135018836223826
^IRX,ALL_FULL,60,8,test,125,0.00620399777605223,0.007740784047828824,0.3874184690506117
^IRX,PRICE_ONLY,5,9,test,125,0.013245766073459887,0.014022636217655359,-4.241632953948316
^IRX,PRICE+TECH,33,9,test,125,0.00726783365920111,0.00892799697529965,-1.1247867040482165
^IRX,PRICE+TECH+LAG,38,9,test,125,0.006507692340525645,0.008278410584071706,-0.8268428751217078
^IRX,ALL_NO_MACRO,47,9,test,125,0.005436541002980231,0.006976612158650662,-0.29746733289976923
^IRX,ALL_NO_REGIME,51,9,test,125,0.00584076444066511,0.007551963195092721,-0.5202919665539836
^IRX,ALL_FULL,60,9,test,125,0.00500539826918889,0.006539262799104432,-0.1398950121994036
^IRX,PRICE_ONLY,5,10,test,125,0.01747941449803762,0.018211277000694276,-6.82444207039783
^IRX,PRICE+TECH,33,10,test,125,0.007984443313929928,0.009683019361549998,-1.2120461304267658
^IRX,PRICE+TECH+LAG,38,10,test,125,0.008336513541355185,0.009985944734638829,-1.3526151831272832
^IRX,ALL_NO_MACRO,47,10,test,125,0.00725767630350015,0.008710386885273053,-0.7899770785974767
^IRX,ALL_NO_REGIME,51,10,test,125,0.006889703412425496,0.00870996986178617,-0.7898056867583869
^IRX,ALL_FULL,60,10,test,125,0.005921174186077121,0.007633528346801426,-0.37474840486175487
^IRX,PRICE_ONLY,5,11,test,125,0.00430534617441813,0.0048316303183379376,-0.3362943672696672
^IRX,PRICE+TECH,33,11,test,125,0.0053766477027890275,0.005853170138378402,-0.9610878035062707
^IRX,PRICE+TECH+LAG,38,11,test,125,0.00556522193307862,0.006019554579539059,-1.0741657343375186
^IRX,ALL_NO_MACRO,47,11,test,125,0.005617515449733917,0.006005247092989461,-1.0643175535915828
^IRX,ALL_NO_REGIME,51,11,test,125,0.005130326071962502,0.005412308186015212,-0.676794259079954
^IRX,ALL_FULL,60,11,test,125,0.0055763221333612984,0.005870949565388255,-0.9730197898243178
^IRX,PRICE_ONLY,5,12,test,125,0.0019904066924888017,0.002187431692137971,-4.766728222558583
^IRX,PRICE+TECH,33,12,test,125,0.008290374744677675,0.008351315598264445,-83.05630138024826
^IRX,PRICE+TECH+LAG,38,12,test,125,0.007995752139109217,0.008063941636514485,-77.37097250399619
^IRX,ALL_NO_MACRO,47,12,test,125,0.007370638116267937,0.007441104068438898,-65.73216902285694
^IRX,ALL_NO_REGIME,51,12,test,125,0.005704411025202454,0.005804025745958276,-39.599355999939235
^IRX,ALL_FULL,60,12,test,125,0.005213414897419513,0.005322680571927207,-33.14454201255748
^IRX,PRICE_ONLY,5,13,test,125,0.011021726915857743,0.01105867826659805,-148.88876778398267
^IRX,PRICE+TECH,33,13,test,125,0.009137277662510773,0.009195144962268788,-102.62864119234533
^IRX,PRICE+TECH+LAG,38,13,test,125,0.008743756920782143,0.008801369985968269,-93.94305431875509
^IRX,ALL_NO_MACRO,47,13,test,125,0.008408813169528254,0.008466684884872292,-86.85964330140567
^IRX,ALL_NO_REGIME,51,13,test,125,0.00781001425795686,0.007860982588726717,-74.73843233644808
^IRX,ALL_FULL,60,13,test,125,0.006738974947077004,0.006792363382368153,-55.546335685106406
^IRX,PRICE_ONLY,5,14,test,125,0.0008641843914584346,0.0011646997005180938,-2.9010973960007513
^IRX,PRICE+TECH,33,14,test,125,0.005887195605883668,0.005956833450281498,-101.04454201172733
^IRX,PRICE+TECH+LAG,38,14,test,125,0.005594710583284133,0.005658329936579385,-91.07365863889244
^IRX,ALL_NO_MACRO,47,14,test,125,0.005392863412218273,0.00546984956888188,-85.04182842373045
^IRX,ALL_NO_REGIME,51,14,test,125,0.003506356316465161,0.003575858661135084,-35.772195025703695
^IRX,ALL_FULL,60,14,test,125,0.003061197081963419,0.003137565579328974,-27.310301165296217
^IRX,PRICE_ONLY,5,15,test,125,0.0027514096634113873,0.004247033339809727,-2.4421794160532246
^IRX,PRICE+TECH,33,15,test,125,0.0027431346199853495,0.0046385988451430995,-3.106159297674747
^IRX,PRICE+TECH+LAG,38,15,test,125,0.0027608950133133376,0.004876554155398209,-3.5382484264190808
^IRX,ALL_NO_MACRO,47,15,test,125,0.00228518286657752,0.0035991737033419283,-1.4721099171756813
^IRX,ALL_NO_REGIME,51,15,test,125,0.0029834824662257823,0.005053066951617889,-3.872729104213544
^IRX,ALL_FULL,60,15,test,125,0.002538451119721452,0.004109036863020752,-2.2221239091988734
^IRX,PRICE_ONLY,5,16,test,125,0.006172790693465911,0.007435806286714024,-12.19157626279555
^IRX,PRICE+TECH,33,16,test,125,0.004926034180164535,0.005807039727808997,-7.045446521364994
^IRX,PRICE+TECH+LAG,38,16,test,125,0.004874221511111678,0.0060510522435653314,-7.73579357386806
^IRX,ALL_NO_MACRO,47,16,test,125,0.004042248458081733,0.0047249844055461945,-4.326492465090948
^IRX,ALL_NO_REGIME,51,16,test,125,0.004388012380542338,0.005219506810910593,-5.4997925430063415
^IRX,ALL_FULL,60,16,test,125,0.003994292509642992,0.004753717537701668,-4.391471371140228
^IRX,PRICE_ONLY,5,17,test,125,0.008561857846325753,0.009196554953356372,-37.50406353547347
^IRX,PRICE+TECH,33,17,test,125,0.004962076385286648,0.005189096327316792,-11.258566581530633
^IRX,PRICE+TECH+LAG,38,17,test,125,0.004538393530158846,0.004765485528107629,-9.338809536676102
^IRX,ALL_NO_MACRO,47,17,test,125,0.0037792743260107987,0.003989159163110849,-6.24467577119083
^IRX,ALL_NO_REGIME,51,17,test,125,0.004018745559867197,0.004528925357984875,-8.337842636876852
^IRX,ALL_FULL,60,17,test,125,0.003654505393309444,0.004048834613304863,-6.463049099979039
^IRX,PRICE_ONLY,5,18,test,125,0.009626153423271631,0.009872860703931884,-32.864593003396685
^IRX,PRICE+TECH,33,18,test,125,0.004938663088813384,0.005233672853535622,-8.51640651860085
^IRX,PRICE+TECH+LAG,38,18,test,125,0.004497654120299899,0.004778089755234513,-6.931739611881905
^IRX,ALL_NO_MACRO,47,18,test,125,0.004224131110274955,0.004506679164579518,-6.056236425800248
^IRX,ALL_NO_REGIME,51,18,test,125,0.00441389725983308,0.005014475308381363,-7.735963997984728
^IRX,ALL_FULL,60,18,test,125,0.003990051347678405,0.004924495213059163,-7.425259391101655
^IRX,PRICE_ONLY,5,19,test,125,0.007981767556408833,0.008509150531821951,-17.866919178963066
^IRX,PRICE+TECH,33,19,test,125,0.0038046462372894525,0.00413323513011728,-3.451524825590192
^IRX,PRICE+TECH+LAG,38,19,test,125,0.003588502155984797,0.0039019259088898498,-2.9672229985862635
^IRX,ALL_NO_MACRO,47,19,test,125,0.003189426928142403,0.0034927111191256077,-2.1787319661852074
^IRX,ALL_NO_REGIME,51,19,test,125,0.0027105824329287515,0.0031268577444505566,-1.5476796782768436
^IRX,ALL_FULL,60,19,test,125,0.002605171667272979,0.0031206304205029954,-1.5375420706890663
^IRX,PRICE_ONLY,5,20,test,125,0.00528764556287883,0.005857198286396799,-6.94139351956631
^IRX,PRICE+TECH,33,20,test,125,0.0020017186202844523,0.0024689013874711375,-0.4109913499613007
^IRX,PRICE+TECH+LAG,38,20,test,125,0.001947069300941405,0.002408819208178011,-0.3431523463863926
^IRX,ALL_NO_MACRO,47,20,test,125,0.0018035336876778404,0.0023254394211312786,-0.25177687616014066
^IRX,ALL_NO_REGIME,51,20,test,125,0.0017250933168768945,0.0021849394599689495,-0.10508498989357196
^IRX,ALL_FULL,60,20,test,125,0.00169299314925489,0.0022063740080250573,-0.1268734046871789
^IRX,PRICE_ONLY,5,21,test,125,0.008963299654834255,0.009606060206544276,-21.927830333002728
^IRX,PRICE+TECH,33,21,test,125,0.003838979679818279,0.004144565137180135,-3.2680577759165654
^IRX,PRICE+TECH+LAG,38,21,test,125,0.0037379860242129016,0.004058570806012444,-3.0927819256524653
^IRX,ALL_NO_MACRO,47,21,test,125,0.00298838411753583,0.0032728810138699586,-1.6615386927007618
^IRX,ALL_NO_REGIME,51,21,test,125,0.0021753440642039833,0.002463428724005308,-0.5078299062473994
^IRX,ALL_FULL,60,21,test,125,0.001987116974200003,0.002270265834125116,-0.2806362103540099
^TNX,PRICE_ONLY,5,0,test,125,0.014618457898247002,0.019642091649734666,-0.03471427305378749
^TNX,PRICE+TECH,33,0,test,125,0.016446314245068108,0.023139682548444118,-0.43601761365405545
^TNX,PRICE+TECH+LAG,38,0,test,125,0.016606354234351497,0.02345031327838336,-0.47483104711305235
^TNX,ALL_NO_MACRO,47,0,test,125,0.01657312090547165,0.02334653817415052,-0.4618067352685029
^TNX,ALL_NO_REGIME,51,0,test,125,0.01581369274343109,0.02231856263256984,-0.3359106644744938
^TNX,ALL_FULL,60,0,test,125,0.01621565160341696,0.022757192860761586,-0.3889363810112043
^TNX,PRICE_ONLY,5,1,test,125,0.08351667256989614,0.11553075547267502,-54.05323506655429
^TNX,PRICE+TECH,33,1,test,125,0.03806626751610241,0.04445901257290369,-7.152808539703631
^TNX,PRICE+TECH+LAG,38,1,test,125,0.03763702752790596,0.04399358803623383,-6.9830047029337985
^TNX,ALL_NO_MACRO,47,1,test,125,0.03234066171393655,0.037941001765299714,-4.9375216298081375
^TNX,ALL_NO_REGIME,51,1,test,125,0.03333758703232801,0.03921112831540954,-5.3417088085392255
^TNX,ALL_FULL,60,1,test,125,0.03594743210530697,0.042268379133304626,-6.369173916865973
^TNX,PRICE_ONLY,5,2,test,125,0.02580644902061616,0.046404951158610624,-27.195271424948
^TNX,PRICE+TECH,33,2,test,125,0.013865192017401886,0.020209242364486502,-4.34746196861221
^TNX,PRICE+TECH+LAG,38,2,test,125,0.012844421848712272,0.0182893606407333,-3.3797032672027534
^TNX,ALL_NO_MACRO,47,2,test,125,0.011798191078631639,0.016454034044927943,-2.54480559940759
^TNX,ALL_NO_REGIME,51,2,test,125,0.013333851597517352,0.018062970313483973,-3.2719481829734063
^TNX,ALL_FULL,60,2,test,125,0.012693635270164766,0.017350152412277886,-2.941433724861777
^TNX,PRICE_ONLY,5,3,test,125,0.013908104245439153,0.01951479308172179,-3.966471095924782
^TNX,PRICE+TECH,33,3,test,125,0.012772696136241116,0.016814590761853165,-2.6871653543912974
^TNX,PRICE+TECH+LAG,38,3,test,125,0.012043159242478516,0.015721017469809726,-2.223155893305302
^TNX,ALL_NO_MACRO,47,3,test,125,0.01173984133096152,0.015166170420358564,-1.9996589120005033
^TNX,ALL_NO_REGIME,51,3,test,125,0.012966700664168301,0.015970421192539736,-2.326233635520282
^TNX,ALL_FULL,60,3,test,125,0.011818543032847186,0.01447590455123231,-1.7328225493661402
^TNX,PRICE_ONLY,5,4,test,125,0.016118252802565704,0.020883708812076296,-2.878267618718248
^TNX,PRICE+TECH,33,4,test,125,0.011423677444631694,0.014335691616063302,-0.8275102272211201
^TNX,PRICE+TECH+LAG,38,4,test,125,0.011016938943548877,0.014009367706393232,-0.7452577887802987
^TNX,ALL_NO_MACRO,47,4,test,125,0.010507501856660065,0.013410647450851,-0.5992707976280731
^TNX,ALL_NO_REGIME,51,4,test,125,0.010111436268304226,0.012937273969615727,-0.48836026261315557
^TNX,ALL_FULL,60,4,test,125,0.009689161178170962,0.012485720755601382,-0.3862761492508129
^TNX,PRICE_ONLY,5,5,test,125,0.011410443404895984,0.014809617813328051,-0.5780792582470518
^TNX,PRICE+TECH,33,5,test,125,0.011330513126482268,0.014976466829384248,-0.6138376665377341
^TNX,PRICE+TECH+LAG,38,5,test,125,0.011324292360576287,0.014976153185344798,-0.6137700717878789
^TNX,ALL_NO_MACRO,47,5,test,125,0.011341442620081037,0.015004836259609721,-0.6199575369767005
^TNX,ALL_NO_REGIME,51,5,test,125,0.011004967996587215,0.014464390814532864,-0.5053635800589162
^TNX,ALL_FULL,60,5,test,125,0.011129188440088512,0.014637141673731775,-0.5415359684505998
^TNX,PRICE_ONLY,5,6,test,125,0.012366203036823922,0.015313890567181646,-1.3564677683226019
^TNX,PRICE+TECH,33,6,test,125,0.009084456852202402,0.012952374832720387,-0.6857347265216114
^TNX,PRICE+TECH+LAG,38,6,test,125,0.008901870246872418,0.012663382662875368,-0.6113500113768999
^TNX,ALL_NO_MACRO,47,6,test,125,0.008715089520893712,0.012562734333215055,-0.5858378412282943
^TNX,ALL_NO_REGIME,51,6,test,125,0.009147010592733727,0.01274952458531744,-0.6333468027799172
^TNX,ALL_FULL,60,6,test,125,0.009496487382015674,0.01295656570556349,-0.6868257762951275
^TNX,PRICE_ONLY,5,7,test,125,0.012401024569355046,0.014223089515198373,-2.579321583965861
^TNX,PRICE+TECH,33,7,test,125,0.007081573810630306,0.009075243945002202,-0.4572345122341779
^TNX,PRICE+TECH+LAG,38,7,test,125,0.00722006284147519,0.009270670252643934,-0.520670428507912
^TNX,ALL_NO_MACRO,47,7,test,125,0.007224501837132272,0.009265446916972416,-0.518957341052664
^TNX,ALL_NO_REGIME,51,7,test,125,0.008001560130058583,0.009894765393650909,-0.7323029125521212
^TNX,ALL_FULL,60,7,test,125,0.007916051224758611,0.009871212859345708,-0.7240659177702642
^TNX,PRICE_ONLY,5,8,test,125,0.008686464773533699,0.011172707764493523,-0.8710412142638639
^TNX,PRICE+TECH,33,8,test,125,0.00753145440305574,0.010136544651437415,-0.5400908857715483
^TNX,PRICE+TECH+LAG,38,8,test,125,0.007365318195660916,0.009739289358976262,-0.4217427208784017
^TNX,ALL_NO_MACRO,47,8,test,125,0.007284886734700913,0.009643429657271092,-0.39389323075514193
^TNX,ALL_NO_REGIME,51,8,test,125,0.00813544745998456,0.010356364491277218,-0.6076115921115952
^TNX,ALL_FULL,60,8,test,125,0.007699254672748797,0.009895328685997446,-0.46766495422385046
^TNX,PRICE_ONLY,5,9,test,125,0.007614530754873622,0.010105595343092263,-0.5793557760061911
^TNX,PRICE+TECH,33,9,test,125,0.007923408679208615,0.010445149320750293,-0.6872734437309427
^TNX,PRICE+TECH+LAG,38,9,test,125,0.007422357887410652,0.009765718660801536,-0.4749068156288163
^TNX,ALL_NO_MACRO,47,9,test,125,0.00721037969568651,0.0092911195133906,-0.33503379135960865
^TNX,ALL_NO_REGIME,51,9,test,125,0.0076166858174567835,0.009903365462992818,-0.5167771500303615
^TNX,ALL_FULL,60,9,test,125,0.007457843402880752,0.009555797400388505,-0.41217992054755026
^TNX,PRICE_ONLY,5,10,test,125,0.008400665472494453,0.009728414693352441,-0.5460986641217198
^TNX,PRICE+TECH,33,10,test,125,0.006670436160935097,0.008565938389948822,-0.19867914052394786
^TNX,PRICE+TECH+LAG,38,10,test,125,0.006568444953680507,0.008450596377372253,-0.16661558309509683
^TNX,ALL_NO_MACRO,47,10,test,125,0.0073919616114075885,0.009120400649061474,-0.3588793173186897
^TNX,ALL_NO_REGIME,51,10,test,125,0.006214638140932743,0.008001181936279298,-0.04583060433875774
^TNX,ALL_FULL,60,10,test,125,0.006822160600158429,0.008624748673493852,-0.21519493853415228
^TNX,PRICE_ONLY,5,11,test,125,0.01501433764655799,0.016003387392625718,-8.333075797310478
^TNX,PRICE+TECH,33,11,test,125,0.006259524015436814,0.007671619887643745,-1.1447422588886815
^TNX,PRICE+TECH+LAG,38,11,test,125,0.007164287626597675,0.008603966749788645,-1.6977295127192615
^TNX,ALL_NO_MACRO,47,11,test,125,0.006206547894310046,0.007708473576893998,-1.1653980056512934
^TNX,ALL_NO_REGIME,51,11,test,125,0.005206993666143279,0.00646431899537674,-0.5228127881925442
^TNX,ALL_FULL,60,11,test,125,0.005425530235977301,0.006656537959664932,-0.6147220737025445
^TNX,PRICE_ONLY,5,12,test,125,0.006128336186542588,0.007634244979798843,-1.7331407038052347
^TNX,PRICE+TECH,33,12,test,125,0.005874315880390027,0.009353752428200648,-3.1030002896759052
^TNX,PRICE+TECH+LAG,38,12,test,125,0.0060177880765040935,0.00955824903983242,-3.284365262453904
^TNX,ALL_NO_MACRO,47,12,test,125,0.00580334278392171,0.008753645219893373,-2.5934175749310486
^TNX,ALL_NO_REGIME,51,12,test,125,0.005545825740136807,0.008309088958345603,-2.237700131588215
^TNX,ALL_FULL,60,12,test,125,0.005259464658294344,0.007445721295479164,-1.5998204614229716
^TNX,PRICE_ONLY,5,13,test,125,0.008207948316944548,0.009748341660549064,-2.5651837158500457
^TNX,PRICE+TECH,33,13,test,125,0.012357219661350003,0.014544131970074434,-6.935897383022646
^TNX,PRICE+TECH+LAG,38,13,test,125,0.011586198339426656,0.013865764604387707,-6.212869526323937
^TNX,ALL_NO_MACRO,47,13,test,125,0.011811749945329771,0.01371890477590214,-6.060887850140634
^TNX,ALL_NO_REGIME,51,13,test,125,0.01182768704697485,0.013625955692564324,-5.965533337005481
^TNX,ALL_FULL,60,13,test,125,0.011369236854427684,0.012913735245911767,-5.256395385081963
^TNX,PRICE_ONLY,5,14,test,125,0.009709604344656484,0.010950128413483511,-3.4428700163372987
^TNX,PRICE+TECH,33,14,test,125,0.007979480187877945,0.008896796281429998,-1.9328677185348413
^TNX,PRICE+TECH+LAG,38,14,test,125,0.007588852905494063,0.008507824337299054,-1.6820212325206008
^TNX,ALL_NO_MACRO,47,14,test,125,0.007838749316816777,0.008759626387791798,-1.8431275870545156
^TNX,ALL_NO_REGIME,51,14,test,125,0.0069456145127119685,0.007756713908820206,-1.229362698248551
^TNX,ALL_FULL,60,14,test,125,0.006392238572660688,0.007192469619571613,-0.9168196605481045
^TNX,PRICE_ONLY,5,15,test,125,0.004857816127415511,0.006074043238906578,-0.6842361442991391
^TNX,PRICE+TECH,33,15,test,125,0.003859402393122438,0.005326867797871844,-0.2953617297496496
^TNX,PRICE+TECH+LAG,38,15,test,125,0.003850680207320154,0.005336886084383908,-0.3002387076298292
^TNX,ALL_NO_MACRO,47,15,test,125,0.003920752681002412,0.005380033231474899,-0.32134778594753577
^TNX,ALL_NO_REGIME,51,15,test,125,0.004145086434555131,0.00538430949385338,-0.32344913929419894
^TNX,ALL_FULL,60,15,test,125,0.003950342313129153,0.005241358419731373,-0.2541080138020666
^TNX,PRICE_ONLY,5,16,test,125,0.005529038377794857,0.006955956199011541,-1.2622030485011533
^TNX,PRICE+TECH,33,16,test,125,0.0042265721016304155,0.005523610066834255,-0.42647423206645807
^TNX,PRICE+TECH+LAG,38,16,test,125,0.0041806682538588534,0.005490542660593488,-0.4094460168235623
^TNX,ALL_NO_MACRO,47,16,test,125,0.0042269293468691245,0.005532694055907171,-0.4311699768572288
^TNX,ALL_NO_REGIME,51,16,test,125,0.0053538289034782095,0.006571117740716787,-1.0188144465356825
^TNX,ALL_FULL,60,16,test,125,0.005661820204687002,0.0069173492077590475,-1.2371613483982444
^TNX,PRICE_ONLY,5,17,test,125,0.005465584162938314,0.0066603153412369415,-1.002795433809753
^TNX,PRICE+TECH,33,17,test,125,0.004140409674858827,0.005322598441153037,-0.27907029684429085
^TNX,PRICE+TECH+LAG,38,17,test,125,0.004249697843527139,0.005380668338796605,-0.3071320254248142
^TNX,ALL_NO_MACRO,47,17,test,125,0.004282513628460899,0.005396930753160072,-0.3150452602930853
^TNX,ALL_NO_REGIME,51,17,test,125,0.005879393720919134,0.007072240887116305,-1.2581932154008046
^TNX,ALL_FULL,60,17,test,125,0.006010536083992172,0.007169155576338288,-1.3205077266508471
^TNX,PRICE_ONLY,5,18,test,125,0.004432674809487887,0.0053433433180198825,-0.38439483987176226
^TNX,PRICE+TECH,33,18,test,125,0.0040919755822212455,0.005239687636365418,-0.3312039823517736
^TNX,PRICE+TECH+LAG,38,18,test,125,0.004056701556271194,0.0052508768458198905,-0.3368955522622754
^TNX,ALL_NO_MACRO,47,18,test,125,0.00410052501686115,0.005225450672145662,-0.3239796755801916
^TNX,ALL_NO_REGIME,51,18,test,125,0.006123697113766905,0.007182330253786485,-1.501292926665422
^TNX,ALL_FULL,60,18,test,125,0.006237627351226374,0.007243515583486166,-1.5440908212679307
^TNX,PRICE_ONLY,5,19,test,125,0.004510054710874559,0.005656292801999649,-2.3606817313868405
^TNX,PRICE+TECH,33,19,test,125,0.004695243513208952,0.005459691346065637,-2.131120646897017
^TNX,PRICE+TECH+LAG,38,19,test,125,0.004638818166046288,0.0053970646637462255,-2.0597001113493096
^TNX,ALL_NO_MACRO,47,19,test,125,0.00438212090338205,0.00515255324657455,-1.7887436620114197
^TNX,ALL_NO_REGIME,51,19,test,125,0.005639936604648521,0.0064584501998834025,-3.3814741079961976
^TNX,ALL_FULL,60,19,test,125,0.005010047922877034,0.005776530793711245,-2.5050789525678123
^TNX,PRICE_ONLY,5,20,test,125,0.006342505520983148,0.007547009829669425,-8.034030277116365
^TNX,PRICE+TECH,33,20,test,125,0.005115387693588867,0.0056419918058051854,-4.048898181544058
^TNX,PRICE+TECH+LAG,38,20,test,125,0.005180578769082002,0.005695745272967567,-4.145562139588412
^TNX,ALL_NO_MACRO,47,20,test,125,0.004746735807145809,0.005289082544518415,-3.4370303596119687
^TNX,ALL_NO_REGIME,51,20,test,125,0.0030540801198330656,0.0037196395298361874,-1.1944890561331865
^TNX,ALL_FULL,60,20,test,125,0.0028845856024156615,0.003559169498330931,-1.009227215996685
^TNX,PRICE_ONLY,5,21,test,125,0.006710666635339341,0.007844511414456598,-6.264180358171948
^TNX,PRICE+TECH,33,21,test,125,0.005604020643083164,0.006069601750794953,-3.3488578537268285
^TNX,PRICE+TECH+LAG,38,21,test,125,0.0056050266754547,0.0060867410375036015,-3.373453061838111
^TNX,ALL_NO_MACRO,47,21,test,125,0.004585831686498892,0.005129308155386364,-2.1057922519739463
^TNX,ALL_NO_REGIME,51,21,test,125,0.004521862079206342,0.005081815914498919,-2.0485454757503705
^TNX,ALL_FULL,60,21,test,125,0.004249115084246283,0.004843706642019665,-1.769558127684086
