date,AAPL,GLD,MSFT,TSLA,^DJI,^GSPC,^IXIC,^RUT,PORTFOLIO
2024-03-26,100000.0,100000.0,100000.0,100000.0,100000.0,100000.0,100000.0,100000.0,100000.0
2024-03-27,100000.0,100000.0,100000.0,100000.0,100000.0,100000.0,100000.0,100000.0,100000.0
2024-03-28,100000.0,100000.0,100000.0,100000.0,100000.0,100000.0,100000.0,100000.0,100000.0
2024-04-01,100000.0,100000.0,100000.0,100000.0,100000.0,100000.0,100000.0,100000.0,100000.0
2024-04-02,100000.0,100000.0,100000.0,100000.0,100000.0,100000.0,100000.0,100000.0,100000.0
2024-04-03,100000.0,100000.0,100000.0,100000.0,100000.0,100005.20137315319,100000.0,100000.0,100000.65017164414
2024-04-04,100000.0,100000.0,100000.0,99752.54876461338,100000.0,100005.20137315319,99776.31114621546,100000.0,99941.75766049775
2024-04-05,100000.0,100000.0,100000.0,99752.54876461338,100000.0,100005.20137315319,99776.31114621546,100000.0,99941.75766049775
2024-04-08,100000.0,100000.0,100000.0,99752.54876461338,100000.0,100005.20137315319,99776.31114621546,100000.0,99941.75766049775
2024-04-09,100000.0,100000.0,100000.0,99752.54876461338,100000.0,100005.20137315319,99776.31114621546,100000.0,99941.75766049775
2024-04-10,99879.77334603806,100000.0,100000.0,99752.54876461338,99909.94025686294,99897.62273184017,99776.31114621546,100000.0,99902.02453069625
2024-04-11,99879.77334603806,100000.0,100230.49937004731,99752.54876461338,99909.94025686294,99897.62273184017,100010.7336769892,100000.0,99960.13976829889
2024-04-12,99879.77334603806,100000.0,100230.49937004731,99752.54876461338,99909.94025686294,99897.62273184017,100010.7336769892,100000.0,99960.13976829889
2024-04-15,99879.77334603806,100000.0,100230.49937004731,99752.54876461338,99909.94025686294,99897.62273184017,100010.7336769892,100000.0,99960.13976829889
2024-04-16,99879.77334603806,100000.0,100230.49937004731,99752.54876461338,99909.94025686294,99897.62273184017,100010.7336769892,100000.0,99960.13976829889
2024-04-17,99879.77334603806,100000.0,100230.49937004731,99752.54876461338,99812.96120441177,99897.62273184017,100010.7336769892,100000.0,99948.01738674249
2024-04-18,99879.77334603806,100007.28374155224,100230.49937004731,99752.54876461338,99812.96120441177,99526.51474528696,99750.05278833341,100000.0,99869.95424503538
2024-04-19,99879.77334603806,100007.28374155224,100230.49937004731,99047.7478873542,99812.96120441177,99526.51474528696,99750.05278833341,100000.0,99781.85413537799
2024-04-22,99879.77334603806,100007.28374155224,100230.49937004731,99047.7478873542,99812.96120441177,99526.51474528696,99750.05278833341,100000.0,99781.85413537799
2024-04-23,99879.77334603806,100007.28374155224,100230.49937004731,99047.7478873542,99812.96120441177,99526.51474528696,99750.05278833341,100000.0,99781.85413537799
2024-04-24,99905.1001298545,100007.28374155224,100152.81881516307,99047.7478873542,99990.06013945503,99526.51474528696,99750.05278833341,100000.0,99797.44728087493
2024-04-25,99905.1001298545,100007.28374155224,100152.81881516307,99047.7478873542,99990.06013945503,99590.64372575124,99746.63748669006,100000.0,99805.03649072754
2024-04-26,99905.1001298545,100007.28374155224,100152.81881516307,100468.49469651937,99990.06013945503,99590.64372575124,99746.63748669006,100000.0,99982.62984187317
2024-04-29,99905.1001298545,100007.28374155224,100152.81881516307,100468.49469651937,99990.06013945503,99590.64372575124,99746.63748669006,100000.0,99982.62984187317
2024-04-30,99905.1001298545,99928.57083173646,100152.81881516307,100468.49469651937,99990.06013945503,99590.64372575124,99746.63748669006,100000.0,99972.79072814621
2024-05-01,99905.1001298545,99928.57083173646,100152.81881516307,100468.49469651937,99990.06013945503,99590.64372575124,99746.63748669006,100000.0,99972.79072814621
2024-05-02,99905.1001298545,99928.57083173646,100152.81881516307,100468.49469651937,99990.06013945503,99590.64372575124,99814.87043599137,100000.0,99981.31984680887
2024-05-03,99905.1001298545,99928.57083173646,100152.81881516307,100468.49469651937,99990.06013945503,99635.03048794663,99814.87043599137,100000.0,99986.86819208329
2024-05-06,99905.1001298545,99928.57083173646,100152.81881516307,100468.49469651937,99990.06013945503,99635.03048794663,99814.87043599137,100000.0,99986.86819208329
2024-05-07,99905.1001298545,100028.9447183994,100405.18396230244,100313.54689588633,99990.06013945503,99635.03048794663,99814.87043599137,100000.0,100011.59209622945
2024-05-08,99905.1001298545,100028.9447183994,100405.18396230244,100313.54689588633,99990.06013945503,99635.03048794663,99814.87043599137,100000.0,100011.59209622945
2024-05-09,99905.1001298545,100028.9447183994,100405.18396230244,100313.54689588633,99990.06013945503,99635.03048794663,99969.07596170006,100000.0,100030.86778694304
2024-05-10,99905.1001298545,100028.9447183994,100405.18396230244,100313.54689588633,100093.27811969095,99809.44235114638,99969.07596170006,100000.0,100065.5715173725
2024-05-13,99905.1001298545,100028.9447183994,100405.18396230244,100313.54689588633,100093.27811969095,99809.44235114638,99969.07596170006,100000.0,100065.5715173725
2024-05-14,99905.1001298545,100200.12442765522,100488.71179970598,100313.54689588633,100093.27811969095,99809.44235114638,99969.07596170006,100000.0,100097.40996070493
2024-05-15,99905.1001298545,100200.12442765522,100488.71179970598,100313.54689588633,100093.27811969095,99809.44235114638,99969.07596170006,100000.0,100097.40996070493
2024-05-16,99905.1001298545,100200.12442765522,100488.71179970598,100313.54689588633,100093.27811969095,99809.44235114638,99969.07596170006,100000.0,100097.40996070493
2024-05-17,99905.1001298545,100200.12442765522,100488.71179970598,100313.54689588633,100093.27811969095,99953.47480794536,99969.07596170006,100000.0,100115.4140178048
2024-05-20,99905.1001298545,100200.12442765522,100488.71179970598,100313.54689588633,100135.90133378905,99953.47480794536,99969.07596170006,100000.0,100120.74191956707
2024-05-21,99905.1001298545,100472.20295854747,100488.71179970598,100313.54689588633,100135.90133378905,99953.47480794536,100061.38734800645,100000.0,100166.2906592169
2024-05-22,99905.1001298545,100472.20295854747,100488.71179970598,100313.54689588633,100135.90133378905,99953.47480794536,100061.38734800645,100000.0,100166.2906592169
2024-05-23,99905.1001298545,100472.20295854747,100488.71179970598,100313.54689588633,100135.90133378905,99953.47480794536,100061.38734800645,100000.0,100166.2906592169
2024-05-24,99905.1001298545,100472.20295854747,100488.71179970598,100313.54689588633,100135.90133378905,99946.21271862605,100061.38734800645,100000.0,100165.38289805199
2024-05-28,99905.1001298545,100472.20295854747,100488.71179970598,100313.54689588633,100135.90133378905,99946.21271862605,100061.38734800645,100000.0,100165.38289805199
2024-05-29,99905.1001298545,100100.55831769198,100488.71179970598,100313.54689588633,100135.90133378905,99946.21271862605,100061.38734800645,100000.0,100118.92731794505
2024-05-30,99905.1001298545,100100.55831769198,100488.71179970598,100313.54689588633,100135.90133378905,99946.21271862605,100061.38734800645,100000.0,100118.92731794505
2024-05-31,99905.1001298545,100100.55831769198,100488.71179970598,100313.54689588633,100135.90133378905,99946.21271862605,100061.38734800645,100000.0,100118.92731794505
2024-06-03,99905.1001298545,100100.55831769198,100488.71179970598,100313.54689588633,100135.90133378905,99896.0485049525,100061.38734800645,100000.0,100112.65679123586
2024-06-04,99905.1001298545,100100.55831769198,100488.71179970598,100313.54689588633,100135.90133378905,99896.0485049525,100061.38734800645,100000.0,100112.65679123586
2024-06-05,99905.1001298545,100167.42062056274,100488.71179970598,100313.54689588633,100135.90133378905,99896.0485049525,100061.38734800645,100000.0,100121.0145790947
2024-06-06,99905.1001298545,100167.42062056274,100488.71179970598,100313.54689588633,100135.90133378905,99896.0485049525,100186.72563247143,100000.0,100136.68186465281
2024-06-07,99905.1001298545,100167.42062056274,100488.71179970598,100313.54689588633,100155.05078762339,99896.0485049525,100186.72563247143,100000.0,100139.0755463821
2024-06-10,99905.1001298545,100167.42062056274,100488.71179970598,100313.54689588633,100155.05078762339,100032.38454257384,100186.72563247143,100000.0,100156.11755108477
2024-06-11,99905.1001298545,100167.42062056274,100488.71179970598,100313.54689588633,100155.05078762339,100032.38454257384,100186.72563247143,100000.0,100156.11755108477
2024-06-12,99905.1001298545,100014.84598443407,100488.71179970598,100313.54689588633,100155.05078762339,100032.38454257384,100186.72563247143,100000.0,100137.04572156869
2024-06-13,99905.1001298545,100014.84598443407,100488.71179970598,100313.54689588633,100155.05078762339,100032.38454257384,100186.72563247143,100000.0,100137.04572156869
2024-06-14,99905.1001298545,100014.84598443407,100488.71179970598,100313.54689588633,100155.05078762339,100032.38454257384,100186.72563247143,100000.0,100137.04572156869
2024-06-17,99905.1001298545,100014.84598443407,100488.71179970598,100313.54689588633,100155.05078762339,100232.19432374423,100186.72563247143,100000.0,100162.021944215
2024-06-18,99905.1001298545,100014.84598443407,100488.71179970598,100725.86745117437,100155.05078762339,100232.19432374423,100186.72563247143,100000.0,100213.562013626
2024-06-20,99905.1001298545,100089.96151272152,100488.71179970598,100725.86745117437,100155.05078762339,100232.19432374423,100186.72563247143,100000.0,100222.95145466192
2024-06-21,99905.1001298545,100089.96151272152,100488.71179970598,100725.86745117437,100155.05078762339,100232.19432374423,100186.72563247143,100000.0,100222.95145466192
2024-06-24,99905.1001298545,100089.96151272152,100488.71179970598,100725.86745117437,100155.05078762339,100232.19432374423,100186.72563247143,100056.4358376054,100230.00593436259
2024-06-25,99905.1001298545,100089.96151272152,100488.71179970598,100725.86745117437,100155.05078762339,100214.97370635785,100186.72563247143,100056.4358376054,100227.85335718929
2024-06-26,99905.1001298545,100089.96151272152,100488.71179970598,100725.86745117437,100155.05078762339,100214.97370635785,100186.72563247143,100056.4358376054,100227.85335718929
2024-06-27,99905.1001298545,99934.51568607928,100488.71179970598,100725.86745117437,100155.05078762339,100214.97370635785,100186.72563247143,100056.4358376054,100208.42262885901
2024-06-28,99905.1001298545,99934.51568607928,100488.71179970598,100725.86745117437,100136.98489215095,100214.97370635785,100186.72563247143,100056.4358376054,100206.16439192496
2024-07-01,99905.1001298545,99934.51568607928,100488.71179970598,100725.86745117437,100136.98489215095,100214.97370635785,100186.72563247143,100056.4358376054,100206.16439192496
2024-07-02,99905.1001298545,99934.51568607928,100488.71179970598,100725.86745117437,100136.98489215095,100277.71349166222,100186.72563247143,100056.4358376054,100214.00686508801
2024-07-03,99905.1001298545,99934.51568607928,100488.71179970598,100725.86745117437,100136.98489215095,100277.71349166222,100186.72563247143,100056.4358376054,100214.00686508801
2024-07-05,99905.1001298545,100067.57415521315,100488.71179970598,100725.86745117437,100136.98489215095,100277.71349166222,100186.72563247143,100056.4358376054,100230.63917372974
2024-07-08,99905.1001298545,100067.57415521315,100488.71179970598,100725.86745117437,100184.80498039615,100277.71349166222,100186.72563247143,100056.4358376054,100236.61668476039
2024-07-09,99905.1001298545,100067.57415521315,100488.71179970598,100725.86745117437,100184.80498039615,100277.71349166222,100186.72563247143,100056.4358376054,100236.61668476039
2024-07-10,99905.1001298545,100067.57415521315,100488.71179970598,100725.86745117437,100184.80498039615,100495.03557298968,100186.72563247143,100056.4358376054,100263.78194492633
2024-07-11,99905.1001298545,100067.57415521315,100488.71179970598,100611.27096616378,100184.80498039615,100495.03557298968,100186.72563247143,100056.4358376054,100249.45738430001
2024-07-12,99905.1001298545,100156.30822651423,100488.71179970598,100611.27096616378,100184.80498039615,100495.03557298968,100186.72563247143,100056.4358376054,100260.54914321264
2024-07-15,99905.1001298545,100156.30822651423,100488.71179970598,100611.27096616378,100184.80498039615,100495.03557298968,100186.72563247143,100056.4358376054,100260.54914321264
2024-07-16,99905.1001298545,100156.30822651423,100488.71179970598,100611.27096616378,100184.80498039615,100495.03557298968,100186.72563247143,100056.4358376054,100260.54914321264
2024-07-17,99905.1001298545,100156.30822651423,100488.71179970598,100611.27096616378,100184.80498039615,100403.5753433842,100186.72563247143,100056.4358376054,100249.11661451195
2024-07-18,99905.1001298545,100156.30822651423,100488.71179970598,100777.38343855698,100184.80498039615,100403.5753433842,100186.72563247143,100056.4358376054,100269.8806735611
2024-07-19,99905.1001298545,100156.30822651423,100488.71179970598,100777.38343855698,100184.80498039615,100403.5753433842,100186.72563247143,100056.4358376054,100269.8806735611
2024-07-22,99905.1001298545,100156.30822651423,100488.71179970598,100777.38343855698,100184.80498039615,100403.5753433842,100186.72563247143,100056.4358376054,100269.8806735611
2024-07-23,99905.1001298545,100156.30822651423,100488.71179970598,100777.38343855698,100184.80498039615,100403.5753433842,100186.72563247143,100056.4358376054,100269.8806735611
2024-07-24,99905.1001298545,100156.30822651423,100488.71179970598,100777.38343855698,100184.80498039615,100403.5753433842,99812.34911091457,100056.4358376054,100223.0836083665
2024-07-25,99905.1001298545,100156.30822651423,100488.71179970598,100186.43432753063,100184.80498039615,100266.93469403361,99812.34911091457,100056.4358376054,100132.13488831937
2024-07-26,99905.1001298545,100156.30822651423,100488.71179970598,100186.43432753063,100184.80498039615,100266.93469403361,99812.34911091457,100056.4358376054,100132.13488831937
2024-07-29,99905.1001298545,100156.30822651423,100488.71179970598,100186.43432753063,100184.80498039615,100266.93469403361,99812.34911091457,100056.4358376054,100132.13488831937
2024-07-30,99905.1001298545,100156.30822651423,100488.71179970598,100186.43432753063,100184.80498039615,100266.93469403361,99812.34911091457,100056.4358376054,100132.13488831937
2024-07-31,99905.1001298545,100156.30822651423,100488.71179970598,100186.43432753063,100184.80498039615,100266.93469403361,99881.31245591414,100056.4358376054,100140.75530644432
2024-08-01,99905.1001298545,100156.30822651423,100488.71179970598,100104.3235412918,100184.80498039615,100345.04415012927,99881.31245591414,100056.4358376054,100140.25514017644
2024-08-02,99905.1001298545,100156.30822651423,100488.71179970598,100104.3235412918,100184.80498039615,100345.04415012927,99881.31245591414,100056.4358376054,100140.25514017644
2024-08-05,99905.1001298545,100156.30822651423,100488.71179970598,100104.3235412918,100184.80498039615,100345.04415012927,99881.31245591414,99612.391023596,100084.74953842527
2024-08-06,99905.1001298545,100156.30822651423,100488.71179970598,100104.3235412918,100184.80498039615,100345.04415012927,99881.31245591414,99612.391023596,100084.74953842527
2024-08-07,99905.1001298545,100156.30822651423,100244.44552604004,100104.3235412918,100184.80498039615,100345.04415012927,99881.31245591414,99612.391023596,100054.21625421703
2024-08-08,99905.1001298545,100156.30822651423,100244.44552604004,99683.40936707064,100184.80498039615,100100.35367877463,99881.31245591414,99612.391023596,99971.01567352004
2024-08-09,99905.1001298545,100156.30822651423,100244.44552604004,99683.40936707064,100114.34809391087,100100.35367877463,99881.31245591414,99612.391023596,99962.20856270939
2024-08-12,100097.2701544939,100156.30822651423,100244.44552604004,99683.40936707064,100114.34809391087,100100.35367877463,99881.31245591414,99714.39355101954,99998.98013171725
2024-08-13,100097.2701544939,100156.30822651423,100244.44552604004,99683.40936707064,100114.34809391087,100100.35367877463,99881.31245591414,99714.39355101954,99998.98013171725
2024-08-14,100097.2701544939,100156.30822651423,100698.11719643729,99683.40936707064,100114.34809391087,100100.35367877463,100486.05554210051,99714.39355101954,100131.28197629019
2024-08-15,100097.2701544939,100156.30822651423,100698.11719643729,100061.93869881894,100114.34809391087,100100.35367877463,100486.05554210051,99714.39355101954,100178.59814275874
2024-08-16,100097.2701544939,100156.30822651423,100698.11719643729,100061.93869881894,100114.34809391087,100100.35367877463,100486.05554210051,99714.39355101954,100178.59814275874
2024-08-19,100097.2701544939,100156.30822651423,100698.11719643729,100061.93869881894,100114.34809391087,100584.5528040483,100486.05554210051,100214.19298280924,100301.59796239166
2024-08-20,100097.2701544939,100156.30822651423,100698.11719643729,100061.93869881894,100114.34809391087,100584.5528040483,100486.05554210051,100214.19298280924,100301.59796239166
2024-08-21,100097.2701544939,100156.30822651423,100863.90625078559,100061.93869881894,100114.34809391087,100584.5528040483,100486.05554210051,100214.19298280924,100322.32159418518
2024-08-22,100097.2701544939,100156.30822651423,100863.90625078559,99975.63011945342,100114.34809391087,100584.5528040483,100486.05554210051,100214.19298280924,100311.5330217645
2024-08-23,100097.2701544939,100156.30822651423,100863.90625078559,99975.63011945342,100172.78417239111,100584.5528040483,100486.05554210051,100214.19298280924,100318.83753157455
2024-08-26,100097.2701544939,100156.30822651423,100863.90625078559,99975.63011945342,100172.78417239111,100589.90032375563,100486.05554210051,100437.28767797278,100347.39280843339
2024-08-27,100097.2701544939,100156.30822651423,100863.90625078559,99975.63011945342,100172.78417239111,100589.90032375563,100486.05554210051,100437.28767797278,100347.39280843339
2024-08-28,100097.2701544939,100156.30822651423,100531.82756861926,99975.63011945342,100172.78417239111,100589.90032375563,100486.05554210051,100437.28767797278,100305.8829731626
2024-08-29,100097.2701544939,100156.30822651423,100531.82756861926,99866.69757252611,100172.78417239111,100589.90032375563,100486.05554210051,100437.28767797278,100292.26640479668
2024-08-30,100097.2701544939,100156.30822651423,100531.82756861926,99866.69757252611,100172.78417239111,100589.90032375563,100486.05554210051,100437.28767797278,100292.26640479668
2024-09-03,99995.11153299319,100156.30822651423,100531.82756861926,99866.69757252611,100172.78417239111,100422.4071717307,100486.05554210051,100437.28767797278,100258.55993310598
2024-09-04,99995.11153299319,100156.30822651423,100531.82756861926,99866.69757252611,100172.78417239111,100422.4071717307,100486.05554210051,100437.28767797278,100258.55993310598
2024-09-05,99995.11153299319,100156.30822651423,100467.66467407784,99866.69757252611,100172.78417239111,100422.4071717307,100486.05554210051,100302.41963753122,100233.68106623311
2024-09-06,99995.11153299319,100156.30822651423,100467.66467407784,99969.42347898417,100172.78417239111,100422.4071717307,100486.05554210051,100302.41963753122,100246.52180454036
2024-09-09,99995.11153299319,100156.30822651423,100467.66467407784,99969.42347898417,100172.78417239111,100422.4071717307,100486.05554210051,100302.41963753122,100246.52180454036
2024-09-10,99865.71203181903,100156.30822651423,100467.66467407784,99969.42347898417,100143.30932798845,100351.68179326465,100486.05554210051,100302.41963753122,100217.82183903502
2024-09-11,99865.71203181903,100156.30822651423,100467.66467407784,99969.42347898417,100143.30932798845,100351.68179326465,100486.05554210051,100302.41963753122,100217.82183903502
2024-09-12,99865.71203181903,100156.30822651423,100915.4405038607,99969.42347898417,100143.30932798845,100351.68179326465,100486.05554210051,100280.06303888626,100270.99924292727
2024-09-13,99865.71203181903,100156.30822651423,100915.4405038607,100428.3840356724,100143.30932798845,100351.68179326465,100486.05554210051,100280.06303888626,100328.3693125133
2024-09-16,99865.71203181903,100156.30822651423,100915.4405038607,100428.3840356724,100143.30932798845,100351.68179326465,100486.05554210051,100280.06303888626,100328.3693125133
2024-09-17,99865.71203181903,100156.30822651423,100915.4405038607,100428.3840356724,100346.97427050093,100595.57911374075,100486.05554210051,100280.06303888626,100384.31459538685
2024-09-18,99865.71203181903,100156.30822651423,100915.4405038607,100428.3840356724,100346.97427050093,100595.57911374075,100486.05554210051,100280.06303888626,100384.31459538685
2024-09-19,99865.71203181903,100156.30822651423,101181.62571528238,100428.3840356724,100346.97427050093,100595.57911374075,100486.05554210051,100565.32693888657,100453.2457343146
2024-09-20,99865.71203181903,100156.30822651423,101181.62571528238,100428.3840356724,100346.97427050093,100595.57911374075,100486.05554210051,100565.32693888657,100453.2457343146
2024-09-23,99865.71203181903,100156.30822651423,101181.62571528238,100937.50566534042,100346.97427050093,100595.57911374075,100486.05554210051,100565.32693888657,100516.88593802309
2024-09-24,99865.71203181903,100156.30822651423,101181.62571528238,100937.50566534042,100482.14107623586,100761.1064654561,100486.05554210051,100565.32693888657,100554.4727077044
2024-09-25,99865.71203181903,100156.30822651423,101181.62571528238,100937.50566534042,100482.14107623586,100761.1064654561,100486.05554210051,100565.32693888657,100554.4727077044
2024-09-26,99865.71203181903,100156.30822651423,101001.2914803878,100937.50566534042,100482.14107623586,100761.1064654561,100486.05554210051,100565.32693888657,100531.93092834255
2024-09-27,99865.71203181903,100156.30822651423,101001.2914803878,100937.50566534042,100482.14107623586,100761.1064654561,100486.05554210051,100565.32693888657,100531.93092834255
2024-09-30,99865.71203181903,100156.30822651423,101001.2914803878,101167.2395268065,100482.14107623586,100761.1064654561,100486.05554210051,100582.24347483214,100562.76222801903
2024-10-01,99865.71203181903,100156.30822651423,101001.2914803878,101167.2395268065,100459.89213468067,100761.1064654561,100486.05554210051,100582.24347483214,100559.98111032463
2024-10-02,99865.71203181903,100156.30822651423,101001.2914803878,101167.2395268065,100459.89213468067,100761.1064654561,100486.05554210051,100582.24347483214,100559.98111032463
2024-10-03,99865.71203181903,100156.30822651423,100645.31762376387,101167.2395268065,100459.89213468067,100671.3558571659,100486.05554210051,100582.24347483214,100504.26555221035
2024-10-04,99865.71203181903,100156.30822651423,100645.31762376387,101167.2395268065,100459.89213468067,100671.3558571659,100486.05554210051,100582.24347483214,100504.26555221035
2024-10-07,99865.71203181903,100156.30822651423,100645.31762376387,100352.8270983768,100459.89213468067,100671.3558571659,100486.05554210051,100582.24347483214,100402.46399865665
2024-10-08,99865.71203181903,100156.30822651423,100645.31762376387,100352.8270983768,100431.59295385306,100671.3558571659,100628.92700743051,100582.24347483214,100416.78553421944
2024-10-09,99865.71203181903,100156.30822651423,100645.31762376387,100352.8270983768,100431.59295385306,100671.3558571659,100628.92700743051,100582.24347483214,100416.78553421944
2024-10-10,99865.71203181903,100156.30822651423,100618.33924231793,100352.8270983768,100431.59295385306,100671.3558571659,100628.92700743051,100582.24347483214,100413.4132365387
2024-10-11,99865.71203181903,100156.30822651423,100618.33924231793,100352.8270983768,100431.59295385306,100671.3558571659,100628.92700743051,100582.24347483214,100413.4132365387
2024-10-14,99865.71203181903,100156.30822651423,100618.33924231793,99896.31970015269,100431.59295385306,100671.3558571659,100628.92700743051,100582.24347483214,100356.34981176068
2024-10-15,99865.71203181903,100156.30822651423,100618.33924231793,99896.31970015269,100431.59295385306,100671.3558571659,100628.92700743051,100582.24347483214,100356.34981176068
2024-10-16,99865.71203181903,100156.30822651423,100618.33924231793,99896.31970015269,100431.59295385306,100671.3558571659,100628.92700743051,100582.24347483214,100356.34981176068
2024-10-17,99865.71203181903,100271.12330228188,100629.57036496678,99896.31970015269,100519.41482125063,100671.3558571659,100628.92700743051,100582.24347483214,100383.08331998743
2024-10-18,99865.71203181903,100271.12330228188,100629.57036496678,99896.31970015269,100519.41482125063,100671.3558571659,100628.92700743051,100582.24347483214,100383.08331998743
2024-10-21,99865.71203181903,100271.12330228188,100629.57036496678,99884.2598141955,100519.41482125063,100671.3558571659,100628.92700743051,100582.24347483214,100381.57583424279
2024-10-22,99865.71203181903,100271.12330228188,100629.57036496678,99884.2598141955,100519.41482125063,100671.3558571659,100628.92700743051,100582.24347483214,100381.57583424279
2024-10-23,99865.71203181903,100271.12330228188,100629.57036496678,99884.2598141955,100519.41482125063,100671.3558571659,100628.92700743051,100582.24347483214,100381.57583424279
2024-10-24,99865.71203181903,100429.26993903944,100812.93317078613,99884.2598141955,100519.41482125063,100671.3558571659,100628.92700743051,100582.24347483214,100424.2645145649
2024-10-25,99865.71203181903,100429.26993903944,100812.93317078613,99884.2598141955,100519.41482125063,100671.3558571659,100628.92700743051,100582.24347483214,100424.2645145649
2024-10-28,99865.71203181903,100429.26993903944,100812.93317078613,101866.93623978009,100519.41482125063,100671.3558571659,100628.92700743051,100582.24347483214,100672.09906776297
2024-10-29,99865.71203181903,100429.26993903944,100812.93317078613,101866.93623978009,100519.41482125063,100671.3558571659,100628.92700743051,100582.24347483214,100672.09906776297
2024-10-30,99865.71203181903,100429.26993903944,100812.93317078613,101866.93623978009,100519.41482125063,100671.3558571659,100628.92700743051,100582.24347483214,100672.09906776297
2024-10-31,99653.88889514572,100447.4326776451,100366.58833215783,101866.93623978009,100441.93093685796,100671.3558571659,100443.81878960387,100582.24347483214,100559.27440039859
2024-11-01,99653.88889514572,100447.4326776451,100366.58833215783,101866.93623978009,100441.93093685796,100671.3558571659,100443.81878960387,100582.24347483214,100559.27440039859
2024-11-04,99653.88889514572,100447.4326776451,100366.58833215783,101866.93623978009,100441.93093685796,100671.3558571659,100443.81878960387,100582.24347483214,100559.27440039859
2024-11-05,99653.88889514572,100447.4326776451,100366.58833215783,101866.93623978009,100441.93093685796,100671.3558571659,100443.81878960387,100582.24347483214,100559.27440039859
2024-11-06,99653.88889514572,100447.4326776451,100366.58833215783,101866.93623978009,100441.93093685796,100671.3558571659,100443.81878960387,100582.24347483214,100559.27440039859
2024-11-07,99653.88889514572,100284.44439769421,100597.20346267943,101866.93623978009,100441.93093685796,100671.3558571659,101085.61887006296,100582.24347483214,100647.9527667773
2024-11-08,99653.88889514572,100284.44439769421,100597.20346267943,101866.93623978009,100441.93093685796,100671.3558571659,101085.61887006296,100582.24347483214,100647.9527667773
2024-11-11,99698.73092942241,100284.44439769421,100597.20346267943,101866.93623978009,100441.93093685796,100671.3558571659,101085.61887006296,100582.24347483214,100653.5580210619
2024-11-12,99698.73092942241,100284.44439769421,100597.20346267943,101866.93623978009,100441.93093685796,100671.3558571659,101085.61887006296,100582.24347483214,100653.5580210619
2024-11-13,99698.73092942241,100284.44439769421,100597.20346267943,101866.93623978009,100441.93093685796,100671.3558571659,101085.61887006296,100582.24347483214,100653.5580210619
2024-11-14,99698.73092942241,100284.44439769421,100597.20346267943,101866.93623978009,100441.93093685796,100671.3558571659,100990.62615223815,100582.24347483214,100641.68393133378
2024-11-15,99698.73092942241,99814.56954960976,100597.20346267943,101866.93623978009,100441.93093685796,100671.3558571659,100990.62615223815,100582.24347483214,100582.94957532323
2024-11-18,99698.73092942241,99814.56954960976,100597.20346267943,101866.93623978009,100441.93093685796,100671.3558571659,100990.62615223815,100582.24347483214,100582.94957532323
2024-11-19,99698.73092942241,99814.56954960976,100597.20346267943,101866.93623978009,100441.93093685796,100671.3558571659,100990.62615223815,100582.24347483214,100582.94957532323
2024-11-20,99698.73092942241,99814.56954960976,100477.30988802282,101866.93623978009,100441.93093685796,100671.3558571659,100990.62615223815,100582.24347483214,100567.96287849115
2024-11-21,99698.73092942241,99814.56954960976,100477.30988802282,101866.93623978009,100441.93093685796,100671.3558571659,100909.05304946241,100582.24347483214,100557.76624064418
2024-11-22,99698.73092942241,100089.07987083928,100477.30988802282,101866.93623978009,100441.93093685796,100671.3558571659,100909.05304946241,100582.24347483214,100592.08003079788
2024-11-25,99698.73092942241,100089.07987083928,100477.30988802282,101866.93623978009,100441.93093685796,100671.3558571659,100909.05304946241,100582.24347483214,100592.08003079788
2024-11-26,99698.73092942241,100089.07987083928,100477.30988802282,101866.93623978009,100441.93093685796,100671.3558571659,100909.05304946241,100582.24347483214,100592.08003079788
2024-11-27,99698.73092942241,100089.07987083928,100477.30988802282,101866.93623978009,100441.93093685796,100671.3558571659,100909.05304946241,100582.24347483214,100592.08003079788
2024-11-29,99698.73092942241,100089.07987083928,100477.30988802282,101866.93623978009,100441.93093685796,100671.3558571659,101029.66977074923,100582.24347483214,100607.15712095874
2024-12-02,99698.73092942241,99955.87946950595,100477.30988802282,101866.93623978009,100441.93093685796,100671.3558571659,101029.66977074923,100582.24347483214,100590.50707079207
2024-12-03,99698.73092942241,99955.87946950595,100477.30988802282,101866.93623978009,100433.42441654974,100671.3558571659,101029.66977074923,100582.24347483214,100589.44375575353
2024-12-04,99698.73092942241,99955.87946950595,100477.30988802282,101866.93623978009,100433.42441654974,100671.3558571659,101029.66977074923,100582.24347483214,100589.44375575353
2024-12-05,99698.73092942241,99955.87946950595,100477.30988802282,101866.93623978009,100433.42441654974,100671.3558571659,101029.66977074923,100582.24347483214,100589.44375575353
2024-12-06,99698.73092942241,99955.87946950595,100477.30988802282,101866.93623978009,100433.42441654974,100714.62725911505,101356.854885435,100465.84959989661,100621.20158596594
2024-12-09,99698.73092942241,99955.87946950595,100477.30988802282,101866.93623978009,100433.42441654974,100714.62725911505,101356.854885435,100465.84959989661,100621.20158596594
2024-12-10,99698.73092942241,99955.87946950595,100477.30988802282,101866.93623978009,100320.55556029675,100714.62725911505,101356.854885435,100465.84959989661,100607.09297893434
2024-12-11,99698.73092942241,100079.36562139499,100477.30988802282,101866.93623978009,100320.55556029675,100714.62725911505,101356.854885435,100465.84959989661,100622.52874792046
2024-12-12,99890.5875492735,100079.36562139499,100477.30988802282,101866.93623978009,100320.55556029675,100714.62725911505,101356.854885435,100465.84959989661,100646.51082540186
2024-12-13,99890.5875492735,100079.36562139499,100551.07400198579,101866.93623978009,100320.55556029675,100714.62725911505,101356.854885435,100465.84959989661,100655.73133964722
2024-12-16,99890.5875492735,100079.36562139499,100551.07400198579,101866.93623978009,100320.55556029675,100714.62725911505,101356.854885435,100465.84959989661,100655.73133964722
2024-12-17,99890.5875492735,100079.36562139499,100551.07400198579,101866.93623978009,100129.61349640785,100714.62725911505,101563.88717114406,100465.84959989661,100657.74261737474
2024-12-18,99890.5875492735,100079.36562139499,100551.07400198579,101866.93623978009,100129.61349640785,100714.62725911505,101563.88717114406,100465.84959989661,100657.74261737474
2024-12-19,99954.3194249279,100079.36562139499,100551.07400198579,101866.93623978009,100129.61349640785,100714.62725911505,101563.88717114406,100465.84959989661,100665.70910183154
2024-12-20,99954.3194249279,100079.36562139499,100551.07400198579,101866.93623978009,100129.61349640785,100714.62725911505,101563.88717114406,100465.84959989661,100665.70910183154
2024-12-23,99954.3194249279,100079.36562139499,100551.07400198579,101866.93623978009,100129.61349640785,100714.62725911505,101563.88717114406,99926.03673629186,100598.23249388095
2024-12-24,99954.3194249279,100079.36562139499,100551.07400198579,101866.93623978009,100084.37253004304,100714.62725911505,101514.37120135609,99926.03673629186,100586.38787686183
2024-12-26,99954.3194249279,100079.36562139499,100551.07400198579,101866.93623978009,100084.37253004304,100714.62725911505,101514.37120135609,99926.03673629186,100586.38787686183
2024-12-27,99954.3194249279,100079.36562139499,100551.07400198579,101866.93623978009,100084.37253004304,100714.62725911505,101514.37120135609,99926.03673629186,100586.38787686183
2024-12-30,99954.3194249279,100079.36562139499,100551.07400198579,101866.93623978009,100084.37253004304,100714.62725911505,101514.37120135609,99926.03673629186,100586.38787686183
2024-12-31,99954.3194249279,100079.36562139499,100551.07400198579,101866.93623978009,100084.37253004304,100714.62725911505,101514.37120135609,99883.53088113388,100581.07464496708
2025-01-02,99388.80694185903,100156.84911243306,100551.07400198579,101866.93623978009,100084.37253004304,100714.62725911505,101123.95927754352,99883.53088113388,100471.26953048666
2025-01-03,99388.80694185903,100156.84911243306,100551.07400198579,101866.93623978009,99937.22346058773,100714.62725911505,101123.95927754352,99883.53088113388,100452.87589680476
2025-01-06,99388.80694185903,100156.84911243306,100551.07400198579,101866.93623978009,99937.22346058773,100714.62725911505,101123.95927754352,99883.53088113388,100452.87589680476
2025-01-07,99388.80694185903,100156.84911243306,100551.07400198579,101866.93623978009,99937.22346058773,100711.37314256786,101123.95927754352,99883.53088113388,100452.46913223637
2025-01-08,99388.80694185903,100156.84911243306,100551.07400198579,101866.93623978009,99937.22346058773,100711.37314256786,101123.95927754352,99912.95584294335,100456.14725246256
2025-01-10,99241.18389659513,100156.84911243306,100551.07400198579,101866.93623978009,99937.22346058773,100711.37314256786,101051.35073977562,99912.95584294335,100428.61830458358
2025-01-13,99241.18389659513,100156.84911243306,100551.07400198579,101866.93623978009,99937.22346058773,100711.37314256786,101051.35073977562,99912.95584294335,100428.61830458358
2025-01-14,99241.18389659513,100230.91564185648,100551.07400198579,101866.93623978009,99937.22346058773,100711.37314256786,101051.35073977562,99912.95584294335,100437.87662076151
2025-01-15,99241.18389659513,100230.91564185648,100551.07400198579,101866.93623978009,99937.22346058773,100711.37314256786,101051.35073977562,99912.95584294335,100437.87662076151
2025-01-16,99241.18389659513,100230.91564185648,100551.07400198579,101866.93623978009,99937.22346058773,100711.37314256786,101051.35073977562,99970.05566392512,100445.01409838423
2025-01-17,99241.18389659513,100230.91564185648,100551.07400198579,101866.93623978009,99937.22346058773,100711.37314256786,101288.35121891713,99970.05566392512,100474.63915827693
2025-01-21,98733.36054276809,100230.91564185648,100551.07400198579,101866.93623978009,99937.22346058773,100890.13408847064,101288.35121891713,99970.05566392512,100433.50635728639
2025-01-22,98733.36054276809,100230.91564185648,100551.07400198579,101866.93623978009,99937.22346058773,100890.13408847064,101288.35121891713,99970.05566392512,100433.50635728639
2025-01-23,98733.36054276809,100230.91564185648,101022.18079734946,101866.93623978009,99937.22346058773,100890.13408847064,101288.35121891713,99970.05566392512,100492.39470670685
2025-01-24,98733.36054276809,100230.91564185648,101022.18079734946,101866.93623978009,99937.22346058773,100890.13408847064,101288.35121891713,99970.05566392512,100492.39470670685
2025-01-27,98733.36054276809,100230.91564185648,101022.18079734946,101866.93623978009,99937.22346058773,100890.13408847064,101129.42901460506,99970.05566392512,100472.52943116784
2025-01-28,99074.77103019581,100230.91564185648,101022.18079734946,101866.93623978009,100114.39844122042,100910.83287422491,101129.42901460506,99970.05566392512,100539.93996289468
2025-01-29,99074.77103019581,100230.91564185648,101022.18079734946,101866.93623978009,100114.39844122042,100910.83287422491,101129.42901460506,99970.05566392512,100539.93996289468
2025-01-30,99074.77103019581,100230.91564185648,101022.18079734946,101866.93623978009,100114.39844122042,100910.83287422491,101129.42901460506,99970.05566392512,100539.93996289468
2025-01-31,99074.77103019581,100230.91564185648,101022.18079734946,101866.93623978009,100114.39844122042,100910.83287422491,101129.42901460506,99970.05566392512,100539.93996289468
2025-02-03,99074.77103019581,100230.91564185648,101022.18079734946,101866.93623978009,100114.39844122042,100910.83287422491,101145.52716529778,99970.05566392512,100541.95223173127
2025-02-04,98837.82275072965,100230.91564185648,101022.18079734946,101866.93623978009,100114.39844122042,100910.83287422491,101145.52716529778,99970.05566392512,100512.33369679798
2025-02-05,98837.82275072965,100230.91564185648,101022.18079734946,101866.93623978009,100114.39844122042,100910.83287422491,101145.52716529778,99970.05566392512,100512.33369679798
2025-02-06,98837.82275072965,100230.91564185648,101022.18079734946,101866.93623978009,100114.39844122042,100910.83287422491,101145.52716529778,99970.05566392512,100512.33369679798
2025-02-07,98837.82275072965,100230.91564185648,100952.50920734864,101866.93623978009,100114.39844122042,100910.83287422491,101145.52716529778,99970.05566392512,100503.62474804788
2025-02-10,98837.82275072965,100230.91564185648,100952.50920734864,101866.93623978009,100114.39844122042,100910.83287422491,101303.52388678305,99970.05566392512,100523.37433823354
2025-02-11,98820.29653198656,100230.91564185648,100952.50920734864,101866.93623978009,100114.39844122042,100910.83287422491,101303.52388678305,99970.05566392512,100521.18356089065
2025-02-12,98820.29653198656,100230.91564185648,100952.50920734864,101866.93623978009,100114.39844122042,100910.83287422491,101303.52388678305,99970.05566392512,100521.18356089065
2025-02-13,98820.29653198656,100230.91564185648,100952.50920734864,101866.93623978009,100114.39844122042,100910.83287422491,101303.52388678305,99970.05566392512,100521.18356089065
2025-02-14,98820.29653198656,100230.91564185648,100909.89216227246,101866.93623978009,100114.39844122042,100910.83287422491,101303.52388678305,99970.05566392512,100515.85643025614
2025-02-18,98820.29653198656,100230.91564185648,100909.89216227246,101866.93623978009,100123.7319971658,101005.77083343391,101461.42036879595,99970.05566392512,100548.62742990206
2025-02-19,98820.29653198656,100230.91564185648,100909.89216227246,101866.93623978009,100123.7319971658,101005.77083343391,101461.42036879595,99970.05566392512,100548.62742990206
2025-02-20,98820.29653198656,100230.91564185648,100909.89216227246,101866.93623978009,100123.7319971658,101005.77083343391,101461.42036879595,99970.05566392512,100548.62742990206
2025-02-21,98820.29653198656,100233.87615778172,100909.89216227246,101866.93623978009,100123.7319971658,101005.77083343391,101461.42036879595,99970.05566392512,100548.99749439271
2025-02-24,98865.85648510054,100233.87615778172,100790.35032683799,101866.93623978009,100123.7319971658,101005.77083343391,101461.42036879595,99970.05566392512,100539.74975910265
2025-02-25,98865.85648510054,100233.87615778172,100790.35032683799,101866.93623978009,100123.7319971658,101005.77083343391,101461.42036879595,99970.05566392512,100539.74975910265
2025-02-26,98865.85648510054,100233.87615778172,100790.35032683799,101866.93623978009,100123.7319971658,101005.77083343391,101461.42036879595,99970.05566392512,100539.74975910265
2025-02-27,98865.85648510054,100233.87615778172,100790.35032683799,101866.93623978009,100123.7319971658,101005.77083343391,100730.58711654111,99970.05566392512,100448.39560257079
2025-02-28,98865.85648510054,100233.87615778172,100790.35032683799,101186.04746895692,100123.7319971658,101005.77083343391,100730.58711654111,99970.05566392512,100363.2845062179
2025-03-03,98493.07470710656,100233.87615778172,100393.32591609986,101186.04746895692,100087.62834538048,101005.77083343391,100730.58711654111,99970.05566392512,100262.5457761532
2025-03-04,98493.07470710656,100233.87615778172,100393.32591609986,101186.04746895692,100087.62834538048,100695.29442194487,100730.58711654111,99970.05566392512,100223.73622471707
2025-03-05,98493.07470710656,100233.87615778172,100393.32591609986,101186.04746895692,100087.62834538048,100695.29442194487,100730.58711654111,99970.05566392512,100223.73622471707
2025-03-06,98493.07470710656,100233.87615778172,100393.32591609986,101186.04746895692,100087.62834538048,100695.29442194487,100462.41398397923,99970.05566392512,100190.21458314684
2025-03-07,98493.07470710656,100233.87615778172,100393.32591609986,101186.04746895692,100087.62834538048,100695.29442194487,100462.41398397923,99970.05566392512,100190.21458314684
2025-03-10,98046.68284446806,100233.87615778172,100168.0236223386,101186.04746895692,99934.3706811966,100695.29442194487,100462.41398397923,99970.05566392512,100087.0956055739
2025-03-11,98046.68284446806,100230.727245414,100168.0236223386,100409.92985243113,99934.3706811966,100326.09100895844,100462.41398397923,99830.59574003212,99926.10437235227
2025-03-12,98046.68284446806,100230.727245414,100168.0236223386,100409.92985243113,99934.3706811966,100326.09100895844,100462.41398397923,99830.59574003212,99926.10437235227
2025-03-13,98046.68284446806,100230.727245414,100168.0236223386,100409.92985243113,99934.3706811966,100326.09100895844,100026.34406638317,99830.59574003212,99871.59563265277
2025-03-14,98046.68284446806,100230.727245414,100168.0236223386,100409.92985243113,99934.3706811966,100326.09100895844,100026.34406638317,99830.59574003212,99871.59563265277
2025-03-17,97751.27829240206,100230.727245414,100275.52518662233,100409.92985243113,99907.66687002928,100326.09100895844,100026.34406638317,99830.59574003212,99844.76978278407
2025-03-18,97751.27829240206,100622.8778299947,100275.52518662233,100409.92985243113,99907.66687002928,100392.7430370259,100026.34406638317,99950.60609833975,99917.12140415354
2025-03-19,97751.27829240206,100622.8778299947,100275.52518662233,100409.92985243113,99907.66687002928,100392.7430370259,100026.34406638317,99950.60609833975,99917.12140415354
2025-03-20,97751.27829240206,100622.8778299947,100275.52518662233,100409.92985243113,99907.66687002928,100392.7430370259,100240.99799613173,99950.60609833975,99943.95314537211
2025-03-21,97751.27829240206,100622.8778299947,100275.52518662233,100409.92985243113,99907.66687002928,100392.7430370259,100240.99799613173,99950.60609833975,99943.95314537211
2025-03-24,98048.917036194,100622.8778299947,100378.49074343857,101256.67085407626,100074.77403158502,100392.7430370259,100240.99799613173,99950.60609833975,100120.75970334825
2025-03-25,98048.917036194,100559.2624953845,100378.49074343857,101256.67085407626,100074.77403158502,100672.34898614894,100240.99799613173,99950.60609833975,100147.75853016235
2025-03-26,98048.917036194,100559.2624953845,100378.49074343857,101256.67085407626,100074.77403158502,100672.34898614894,100240.99799613173,99950.60609833975,100147.75853016235
2025-03-27,98048.917036194,100559.2624953845,100378.49074343857,101256.67085407626,100074.77403158502,100672.34898614894,100294.6589892315,99950.60609833975,100154.46615429981
2025-03-28,98048.917036194,100559.2624953845,100378.49074343857,101256.67085407626,100074.77403158502,100672.34898614894,100294.6589892315,99950.60609833975,100154.46615429981
2025-03-31,98101.30096529966,100559.2624953845,99916.7146365882,101256.67085407626,99928.09486106691,100672.34898614894,100294.6589892315,99950.60609833975,100084.95723576697
2025-04-01,98101.30096529966,100877.82002784204,99916.7146365882,100905.81543193356,99928.09486106691,100412.05810992155,100294.6589892315,99950.60609833975,100048.3836400279
2025-04-02,98101.30096529966,100877.82002784204,99916.7146365882,100905.81543193356,99928.09486106691,100412.05810992155,100294.6589892315,99950.60609833975,100048.3836400279
2025-04-03,98101.30096529966,100877.82002784204,99916.7146365882,100905.81543193356,99928.09486106691,100412.05810992155,100294.6589892315,99950.60609833975,100048.3836400279
2025-04-04,98101.30096529966,100877.82002784204,99916.7146365882,100905.81543193356,99928.09486106691,100412.05810992155,100294.6589892315,99950.60609833975,100048.3836400279
2025-04-07,96295.34459519618,100877.82002784204,99916.7146365882,100905.81543193356,98957.84281848259,100412.05810992155,99301.33662990054,98938.22845590413,99450.64508822109
2025-04-08,96295.34459519618,100433.80029556807,99184.38609193364,100905.81543193356,98957.84281848259,99242.82761985192,99301.33662990054,98938.22845590413,99157.44774234634
2025-04-09,96295.34459519618,100433.80029556807,99184.38609193364,100905.81543193356,98957.84281848259,99242.82761985192,99301.33662990054,98938.22845590413,99157.44774234634
2025-04-10,96295.34459519618,100433.80029556807,99184.38609193364,100905.81543193356,98957.84281848259,99242.82761985192,99301.33662990054,98938.22845590413,99157.44774234634
2025-04-11,96295.34459519618,100433.80029556807,99184.38609193364,100905.81543193356,98957.84281848259,99242.82761985192,99301.33662990054,98938.22845590413,99157.44774234634
2025-04-14,96849.32505750605,100433.80029556807,99184.38609193364,101312.97516298691,99286.42273038701,99242.82761985192,99687.20001599759,99126.60607347188,99390.44288096289
2025-04-15,96849.32505750605,100433.80029556807,100046.41560785823,101312.97516298691,99286.42273038701,99650.0119643553,99687.20001599759,99126.60607347188,99549.09461351638
2025-04-16,96849.32505750605,100433.80029556807,100046.41560785823,101312.97516298691,99286.42273038701,99650.0119643553,99687.20001599759,99126.60607347188,99549.09461351638
2025-04-17,96849.32505750605,100433.80029556807,100046.41560785823,101312.97516298691,99286.42273038701,99650.0119643553,99687.20001599759,99126.60607347188,99549.09461351638
2025-04-21,96849.32505750605,100433.80029556807,100046.41560785823,101312.97516298691,99286.42273038701,99650.0119643553,99687.20001599759,99126.60607347188,99549.09461351638
2025-04-22,96849.32505750605,100433.80029556807,100046.41560785823,101312.97516298691,99117.5757183788,99650.0119643553,99524.95100225696,99146.41986446129,99510.18433417144
2025-04-23,96849.32505750605,100433.80029556807,100046.41560785823,101312.97516298691,99117.5757183788,99625.85330437862,99524.95100225696,99146.41986446129,99507.16450167436
2025-04-24,96849.32505750605,100433.80029556807,100046.41560785823,101312.97516298691,99117.5757183788,99625.85330437862,99524.95100225696,99146.41986446129,99507.16450167436
2025-04-25,96849.32505750605,100405.97686263557,100046.41560785823,101312.97516298691,99117.5757183788,99625.85330437862,99524.95100225696,99146.41986446129,99503.6865725578
2025-04-28,97270.16624586942,100405.97686263557,100046.41560785823,101312.97516298691,99117.5757183788,99625.85330437862,99524.95100225696,99146.41986446129,99556.29172110322
2025-04-29,97270.16624586942,100405.97686263557,100046.41560785823,101312.97516298691,99446.7588516867,99625.85330437862,99524.95100225696,99588.83959348679,99652.74207889488
2025-04-30,97270.16624586942,100405.97686263557,100046.41560785823,101312.97516298691,99446.7588516867,99799.89206437556,99524.95100225696,99588.83959348679,99674.4969238945
2025-05-01,97270.16624586942,100405.97686263557,100046.41560785823,101312.97516298691,99446.7588516867,99799.89206437556,99524.95100225696,99588.83959348679,99674.4969238945
2025-05-02,97270.16624586942,100405.97686263557,100046.41560785823,101312.97516298691,99446.7588516867,99799.89206437556,99524.95100225696,99588.83959348679,99674.4969238945
2025-05-05,97270.16624586942,100405.97686263557,100046.41560785823,101312.97516298691,99446.7588516867,99799.89206437556,99524.95100225696,99588.83959348679,99674.4969238945
2025-05-06,97270.16624586942,100405.97686263557,100046.41560785823,101312.97516298691,99510.76659295303,99799.89206437556,99524.95100225696,99588.83959348679,99682.4978915528
2025-05-07,97270.16624586942,100516.3127291381,100046.41560785823,101312.97516298691,99510.76659295303,99799.89206437556,99524.95100225696,99588.83959348679,99696.28987486562
2025-05-08,97270.16624586942,100516.3127291381,100046.41560785823,101312.97516298691,99510.76659295303,99896.40502337682,99524.95100225696,99588.83959348679,99708.35399474077
2025-05-09,97270.16624586942,100516.3127291381,100046.41560785823,101312.97516298691,99510.76659295303,99896.40502337682,99524.95100225696,99588.83959348679,99708.35399474077
2025-05-12,97270.16624586942,100516.3127291381,100046.41560785823,101312.97516298691,99510.76659295303,99896.40502337682,99524.95100225696,100015.84181616509,99761.72927257557
2025-05-13,97270.16624586942,100516.3127291381,100046.41560785823,101312.97516298691,99820.44463661479,99896.40502337682,99524.95100225696,100015.84181616509,99800.43902803329
2025-05-14,97270.16624586942,100516.3127291381,100046.41560785823,101312.97516298691,99820.44463661479,99896.40502337682,99524.95100225696,100015.84181616509,99800.43902803329
2025-05-15,97270.16624586942,100399.26468795013,100046.41560785823,101312.97516298691,99820.44463661479,99896.40502337682,99524.95100225696,100015.84181616509,99785.8080228848
2025-05-16,97270.16624586942,100399.26468795013,100046.41560785823,101312.97516298691,99820.44463661479,100413.20912815999,99524.95100225696,100015.84181616509,99850.4085359827
2025-05-19,97270.16624586942,100399.26468795013,100046.41560785823,101312.97516298691,99820.44463661479,100413.20912815999,99524.95100225696,100015.84181616509,99850.4085359827
2025-05-20,97270.16624586942,100399.26468795013,100046.41560785823,101312.97516298691,99937.61951226383,100413.20912815999,99524.95100225696,100015.84181616509,99865.05539543883
2025-05-21,97270.16624586942,100399.26468795013,100046.41560785823,100922.27919791543,99937.61951226383,100413.20912815999,99524.95100225696,100015.84181616509,99816.21839980489
2025-05-22,97270.16624586942,100399.26468795013,100046.41560785823,100922.27919791543,99937.61951226383,100413.20912815999,99524.95100225696,100015.84181616509,99816.21839980489
2025-05-23,97270.16624586942,100399.26468795013,100046.41560785823,100922.27919791543,99937.61951226383,100413.20912815999,99524.95100225696,100015.84181616509,99816.21839980489
2025-05-27,97270.16624586942,100399.26468795013,100046.41560785823,100922.27919791543,99937.61951226383,100332.3484130833,99524.95100225696,99939.16064480718,99796.52566400054
2025-05-28,97270.16624586942,100399.26468795013,100046.41560785823,100922.27919791543,99792.14880984125,100332.3484130833,99524.95100225696,99939.16064480718,99778.34182619772
2025-05-29,97270.16624586942,100399.26468795013,100046.41560785823,100922.27919791543,99792.14880984125,100332.3484130833,99674.90619447893,99939.16064480718,99797.08622522547
2025-05-30,97270.16624586942,100399.26468795013,100046.41560785823,100922.27919791543,99792.14880984125,100332.3484130833,99674.90619447893,99939.16064480718,99797.08622522547
2025-06-02,97270.16624586942,100399.26468795013,100046.41560785823,100922.27919791543,99792.14880984125,100332.3484130833,99674.90619447893,99939.16064480718,99797.08622522547
2025-06-03,97270.16624586942,100399.26468795013,100046.41560785823,100922.27919791543,99792.14880984125,100332.3484130833,99674.90619447893,99939.16064480718,99797.08622522547
2025-06-04,97270.16624586942,100399.26468795013,100046.41560785823,100922.27919791543,99792.14880984125,100332.3484130833,99674.90619447893,99939.16064480718,99797.08622522547
2025-06-05,97270.16624586942,100399.26468795013,100046.41560785823,100922.27919791543,99792.14880984125,100332.3484130833,99674.90619447893,99939.16064480718,99797.08622522547
2025-06-06,97270.16624586942,100399.26468795013,100046.41560785823,100922.27919791543,99792.14880984125,100332.3484130833,99778.43759905575,99939.16064480718,99810.02765079757
2025-06-09,97270.16624586942,100399.26468795013,100046.41560785823,100922.27919791543,99792.14880984125,100332.3484130833,99778.43759905575,99939.16064480718,99810.02765079757
2025-06-10,97270.16624586942,100399.26468795013,100046.41560785823,100922.27919791543,99792.14880984125,100332.3484130833,99778.43759905575,99939.16064480718,99810.02765079757
2025-06-11,97270.16624586942,100399.26468795013,100046.41560785823,100922.27919791543,99885.19672168005,100370.54293673724,99778.43759905575,99939.16064480718,99826.43295523417
2025-06-12,97270.16624586942,100399.26468795013,100046.41560785823,100922.27919791543,99885.19672168005,100370.54293673724,99778.43759905575,99939.16064480718,99826.43295523417
2025-06-13,97270.16624586942,100399.26468795013,100046.41560785823,100922.27919791543,99885.19672168005,100370.54293673724,99741.99791570043,99939.16064480718,99821.87799481476
2025-06-16,97270.16624586942,100399.26468795013,100046.41560785823,100922.27919791543,99885.19672168005,100370.54293673724,99741.99791570043,99939.16064480718,99821.87799481476
2025-06-17,97270.16624586942,100399.26468795013,100046.41560785823,100922.27919791543,99885.19672168005,100370.54293673724,99741.99791570043,99939.16064480718,99821.87799481476
2025-06-18,97270.16624586942,100399.26468795013,100046.41560785823,100922.27919791543,99885.19672168005,100370.54293673724,99741.99791570043,99939.16064480718,99821.87799481476
2025-06-20,97270.16624586942,100399.26468795013,100046.41560785823,100922.27919791543,99885.19672168005,100370.54293673724,99741.99791570043,99939.16064480718,99821.87799481476
2025-06-23,97270.16624586942,100399.26468795013,100046.41560785823,101279.74164344821,99885.19672168005,100370.54293673724,99847.2214770145,99939.16064480718,99879.71374567061
2025-06-24,97270.16624586942,100399.26468795013,100046.41560785823,101279.74164344821,99885.19672168005,100370.54293673724,99847.2214770145,99939.16064480718,99879.71374567061
2025-06-25,97270.16624586942,100399.26468795013,100046.41560785823,101279.74164344821,99885.19672168005,100370.54293673724,99847.2214770145,99939.16064480718,99879.71374567061
2025-06-26,97270.16624586942,100337.93863737994,100046.41560785823,101279.74164344821,99885.19672168005,100370.54293673724,99847.2214770145,99939.16064480718,99872.04798934935
2025-06-27,97270.16624586942,100337.93863737994,100046.41560785823,101279.74164344821,99885.19672168005,100370.54293673724,99847.2214770145,99939.16064480718,99872.04798934935
2025-06-30,97270.16624586942,100337.93863737994,100046.41560785823,101279.74164344821,99885.19672168005,100370.54293673724,99847.2214770145,99939.16064480718,99872.04798934935
2025-07-01,97270.16624586942,100337.93863737994,100046.41560785823,101279.74164344821,99885.19672168005,100370.54293673724,99847.2214770145,99939.16064480718,99872.04798934935
2025-07-02,97270.16624586942,100337.93863737994,100046.41560785823,101279.74164344821,99885.19672168005,100370.54293673724,99847.2214770145,99939.16064480718,99872.04798934935
2025-07-03,97270.16624586942,100338.80922501846,100046.41560785823,101279.74164344821,99885.19672168005,100370.54293673724,99847.2214770145,99939.16064480718,99872.15681280415
2025-07-07,97270.16624586942,100338.80922501846,100046.41560785823,101279.74164344821,99885.19672168005,100370.54293673724,99847.2214770145,99939.16064480718,99872.15681280415
2025-07-08,97270.16624586942,100338.80922501846,100046.41560785823,101279.74164344821,99885.19672168005,100370.54293673724,99847.2214770145,99939.16064480718,99872.15681280415
2025-07-09,97270.16624586942,100338.80922501846,100046.41560785823,101279.74164344821,99885.19672168005,100370.54293673724,99847.2214770145,99939.16064480718,99872.15681280415
2025-07-10,97270.16624586942,100338.80922501846,100046.41560785823,101279.74164344821,99885.19672168005,100370.54293673724,99847.2214770145,99939.16064480718,99872.15681280415
2025-07-11,97270.16624586942,100394.11284780082,100046.41560785823,101279.74164344821,99885.19672168005,100370.54293673724,99847.2214770145,99939.16064480718,99879.06976565195
2025-07-14,97270.16624586942,100394.11284780082,100046.41560785823,101279.74164344821,99885.19672168005,100370.54293673724,99847.2214770145,99939.16064480718,99879.06976565195
2025-07-15,97270.16624586942,100394.11284780082,100046.41560785823,101279.74164344821,99885.19672168005,100370.54293673724,99847.2214770145,99939.16064480718,99879.06976565195
2025-07-16,97242.72900742225,100394.11284780082,100046.41560785823,101279.74164344821,99885.19672168005,100370.54293673724,99847.2214770145,99939.16064480718,99875.64011084606
2025-07-17,97242.72900742225,100394.11284780082,100046.41560785823,101279.74164344821,99885.19672168005,100370.54293673724,99847.2214770145,99939.16064480718,99875.64011084606
2025-07-18,97242.72900742225,100394.11284780082,100046.41560785823,101279.74164344821,99885.19672168005,100370.54293673724,99847.2214770145,99939.16064480718,99875.64011084606
2025-07-21,97242.72900742225,100472.53480822087,100046.41560785823,101279.74164344821,99885.19672168005,100370.54293673724,99847.2214770145,99939.16064480718,99885.44285589857
2025-07-22,97242.72900742225,100472.53480822087,100046.41560785823,101279.74164344821,99885.19672168005,100370.54293673724,99847.2214770145,99939.16064480718,99885.44285589857
2025-07-23,97417.62480130044,100472.53480822087,100046.41560785823,101279.74164344821,99885.19672168005,100370.54293673724,99847.2214770145,99939.16064480718,99907.30483013333
2025-07-24,97417.62480130044,100472.53480822087,100046.41560785823,101279.74164344821,99885.19672168005,100370.54293673724,99847.2214770145,99939.16064480718,99907.30483013333
2025-07-25,97417.62480130044,100472.53480822087,100046.41560785823,101279.74164344821,99885.19672168005,100370.54293673724,99847.2214770145,99939.16064480718,99907.30483013333
2025-07-28,97417.62480130044,100472.53480822087,100046.41560785823,101279.74164344821,99885.19672168005,100370.54293673724,99847.2214770145,99939.16064480718,99907.30483013333
2025-07-29,97417.62480130044,100472.53480822087,100046.41560785823,101279.74164344821,99885.19672168005,100370.54293673724,99847.2214770145,99939.16064480718,99907.30483013333
2025-07-30,97175.88256776646,100472.53480822087,100046.41560785823,101279.74164344821,99885.19672168005,100370.54293673724,99889.3218008464,99939.16064480718,99882.34959142057
2025-07-31,97175.88256776646,100472.53480822087,100046.41560785823,101279.74164344821,99885.19672168005,100370.54293673724,99889.3218008464,99939.16064480718,99882.34959142057
2025-08-01,97175.88256776646,100472.53480822087,100046.41560785823,101279.74164344821,99885.19672168005,100370.54293673724,99889.3218008464,99939.16064480718,99882.34959142057
2025-08-04,97175.88256776646,100472.53480822087,100046.41560785823,101279.74164344821,99885.19672168005,100318.53384962503,99889.3218008464,99939.16064480718,99875.84845553155
2025-08-05,97175.88256776646,100472.53480822087,100332.70295265333,101279.74164344821,99885.19672168005,100318.53384962503,99889.3218008464,99939.16064480718,99911.63437363095
2025-08-06,97175.88256776646,100780.97136249344,100332.70295265333,101279.74164344821,99885.19672168005,100318.53384962503,99898.1244567804,99939.16064480718,99951.28927490675
2025-08-07,97175.88256776646,100780.97136249344,100332.70295265333,101279.74164344821,99885.19672168005,100318.53384962503,99898.1244567804,99941.10013848534,99951.53171161652
2025-08-08,97175.88256776646,100780.97136249344,100332.70295265333,101279.74164344821,99885.19672168005,100318.53384962503,99898.1244567804,99941.10013848534,99951.53171161652
2025-08-11,97175.88256776646,100780.97136249344,100332.70295265333,101279.74164344821,99885.19672168005,100318.53384962503,99898.1244567804,99941.10013848534,99951.53171161652
2025-08-12,97175.88256776646,100780.97136249344,100341.84972324592,101279.74164344821,99885.19672168005,100318.53384962503,99898.1244567804,99941.10013848534,99952.67505794059
2025-08-13,97175.88256776646,100780.97136249344,100341.84972324592,101279.74164344821,99885.19672168005,100318.53384962503,100144.71549856201,99941.10013848534,99983.49893816329
2025-08-14,97175.88256776646,100780.97136249344,100341.84972324592,101279.74164344821,99885.19672168005,100318.53384962503,100144.71549856201,99941.10013848534,99983.49893816329
2025-08-15,97175.88256776646,100780.97136249344,100341.84972324592,101279.74164344821,99885.19672168005,100318.53384962503,100144.71549856201,99941.10013848534,99983.49893816329
2025-08-18,97175.88256776646,100780.97136249344,100341.84972324592,101279.74164344821,99885.19672168005,100318.53384962503,100144.71549856201,99941.10013848534,99983.49893816329
2025-08-19,97175.88256776646,100780.97136249344,99962.67186571512,101279.74164344821,99885.19672168005,100318.53384962503,100144.71549856201,99941.10013848534,99936.10170597195
2025-08-20,97175.88256776646,100780.97136249344,99962.67186571512,101279.74164344821,99885.19672168005,100318.53384962503,100144.71549856201,99941.10013848534,99936.10170597195
2025-08-21,97175.88256776646,100780.97136249344,99962.67186571512,101279.74164344821,99885.19672168005,100318.53384962503,100144.71549856201,99941.10013848534,99936.10170597195
2025-08-22,97175.88256776646,100827.5634904918,99962.67186571512,101279.74164344821,99885.19672168005,100318.53384962503,100144.71549856201,99941.10013848534,99941.92572197174
2025-08-25,97175.88256776646,100827.5634904918,99962.67186571512,101279.74164344821,99885.19672168005,100318.53384962503,100144.71549856201,99941.10013848534,99941.92572197174
2025-08-26,97175.88256776646,100827.5634904918,99801.0955687545,101279.74164344821,99885.19672168005,100318.53384962503,100242.4433313342,99941.10013848534,99933.9446639482
2025-08-27,97175.88256776646,100827.5634904918,99801.0955687545,101279.74164344821,99885.19672168005,100318.53384962503,100242.4433313342,99941.10013848534,99933.9446639482
2025-08-28,97175.88256776646,100827.5634904918,99801.0955687545,101279.74164344821,99885.19672168005,100318.53384962503,100242.4433313342,99941.10013848534,99933.9446639482
2025-08-29,97264.46222867932,100827.5634904918,99801.0955687545,101279.74164344821,99885.19672168005,100318.53384962503,100242.4433313342,99941.10013848534,99945.0171215623
2025-09-02,97264.46222867932,100827.5634904918,99801.0955687545,101279.74164344821,99885.19672168005,100318.53384962503,100242.4433313342,99941.10013848534,99945.0171215623
2025-09-03,97264.46222867932,100827.5634904918,99856.91527137495,101279.74164344821,99885.19672168005,100318.53384962503,100242.4433313342,99941.10013848534,99951.99458438985
2025-09-04,97264.46222867932,100827.5634904918,99856.91527137495,101279.74164344821,99885.19672168005,100318.53384962503,100242.4433313342,99941.10013848534,99951.99458438985
2025-09-05,97264.46222867932,100827.5634904918,99856.91527137495,101279.74164344821,99885.19672168005,100318.53384962503,100242.4433313342,99941.10013848534,99951.99458438985
2025-09-08,97264.46222867932,100827.5634904918,99856.91527137495,101279.74164344821,99885.19672168005,100318.53384962503,100392.74141175066,99941.10013848534,99970.78184444191
2025-09-09,97264.46222867932,100827.5634904918,99856.91527137495,101279.74164344821,99885.19672168005,100318.53384962503,100392.74141175066,99941.10013848534,99970.78184444191
2025-09-10,97264.46222867932,100827.5634904918,99748.52480511622,101279.74164344821,99885.19672168005,100318.53384962503,100392.74141175066,99941.10013848534,99957.23303615958
2025-09-11,97264.46222867932,100827.5634904918,99748.52480511622,101279.74164344821,99885.19672168005,100318.53384962503,100392.74141175066,99941.10013848534,99957.23303615958
2025-09-12,97264.46222867932,100827.5634904918,99748.52480511622,101279.74164344821,99885.19672168005,100318.53384962503,100392.74141175066,99941.10013848534,99957.23303615958
2025-09-15,97264.46222867932,100827.5634904918,99748.52480511622,101279.74164344821,99885.19672168005,100318.53384962503,100636.02507808048,99941.10013848534,99987.64349445081
2025-09-16,97264.46222867932,100827.5634904918,99748.52480511622,101279.74164344821,99885.19672168005,100318.53384962503,100636.02507808048,99941.10013848534,99987.64349445081
2025-09-17,97264.46222867932,100827.5634904918,99748.52480511622,101279.74164344821,99885.19672168005,100318.53384962503,100636.02507808048,99941.10013848534,99987.64349445081
2025-09-18,97264.46222867932,100827.5634904918,99748.52480511622,101279.74164344821,99885.19672168005,100318.53384962503,100636.02507808048,99941.10013848534,99987.64349445081
2025-09-19,97264.46222867932,100827.5634904918,99748.52480511622,101279.74164344821,99885.19672168005,100318.53384962503,100636.02507808048,99941.10013848534,99987.64349445081
2025-09-22,97264.46222867932,100827.5634904918,99748.52480511622,101279.74164344821,99885.19672168005,100318.53384962503,100636.02507808048,99941.10013848534,99987.64349445081
2025-09-23,97264.46222867932,100827.5634904918,99748.52480511622,101279.74164344821,99885.19672168005,100318.53384962503,100733.88371492524,99941.10013848534,99999.8758240564
2025-09-24,97264.46222867932,100827.5634904918,99748.52480511622,101279.74164344821,99885.19672168005,100318.53384962503,100733.88371492524,99941.10013848534,99999.8758240564
2025-09-25,97264.46222867932,100827.5634904918,99748.52480511622,101279.74164344821,99885.19672168005,100318.53384962503,100733.88371492524,99941.10013848534,99999.8758240564
2025-09-26,97264.46222867932,100827.5634904918,99748.52480511622,101279.74164344821,99885.19672168005,100297.96843548767,100733.88371492524,99941.10013848534,99997.30514728923
2025-09-29,97264.46222867932,100827.5634904918,99748.52480511622,101279.74164344821,99885.19672168005,100297.96843548767,100733.88371492524,99941.10013848534,99997.30514728923
2025-09-30,97264.46222867932,100827.5634904918,99748.52480511622,101279.74164344821,99891.54210305333,100297.96843548767,100762.42829528937,99941.10013848534,100001.6663925064
2025-10-01,97264.46222867932,100827.5634904918,99748.52480511622,101279.74164344821,99891.54210305333,100297.96843548767,100762.42829528937,99941.10013848534,100001.6663925064
2025-10-02,97264.46222867932,100827.5634904918,99748.52480511622,101279.74164344821,99891.54210305333,100297.96843548767,100762.42829528937,99941.10013848534,100001.6663925064
2025-10-03,97264.46222867932,100827.5634904918,99748.52480511622,101279.74164344821,99891.54210305333,100297.96843548767,100762.42829528937,99941.10013848534,100001.6663925064
2025-10-06,97264.46222867932,100827.5634904918,99748.52480511622,101279.74164344821,99891.54210305333,100297.96843548767,100762.42829528937,99941.10013848534,100001.6663925064
2025-10-07,97264.46222867932,100827.5634904918,99748.52480511622,101279.74164344821,99891.54210305333,100297.96843548767,100809.42536551283,99941.10013848534,100007.54102628434
2025-10-08,97264.46222867932,101052.90485476739,99748.52480511622,101279.74164344821,99903.82806110884,100297.96843548767,100809.42536551283,99941.10013848534,100037.24444157573
2025-10-09,97264.46222867932,101052.90485476739,99748.52480511622,101279.74164344821,99903.82806110884,100307.7097621333,100809.42536551283,99941.10013848534,100038.46210740643
2025-10-10,97264.46222867932,101052.90485476739,99748.52480511622,101279.74164344821,99903.82806110884,100307.7097621333,100809.42536551283,99941.10013848534,100038.46210740643
2025-10-13,97264.46222867932,101052.90485476739,99748.52480511622,101279.74164344821,99903.82806110884,100307.7097621333,100809.42536551283,99941.10013848534,100038.46210740643
2025-10-14,96924.42773397558,101052.90485476739,99748.52480511622,101279.74164344821,99903.82806110884,100307.7097621333,100681.38131436858,99941.10013848534,99979.95228917543
2025-10-15,96924.42773397558,101052.90485476739,99748.52480511622,101279.74164344821,99861.48048595543,100307.7097621333,100681.38131436858,99941.10013848534,99974.65884228125
2025-10-16,96924.42773397558,101052.90485476739,99748.52480511622,101279.74164344821,99861.48048595543,100307.7097621333,100681.38131436858,99941.10013848534,99974.65884228125
2025-10-17,96924.42773397558,101052.90485476739,99748.52480511622,101279.74164344821,99861.48048595543,100307.7097621333,100681.38131436858,99941.10013848534,99974.65884228125
2025-10-20,96924.42773397558,101052.90485476739,99748.52480511622,101279.74164344821,99861.48048595543,100307.7097621333,100681.38131436858,99941.10013848534,99974.65884228125
2025-10-21,96924.42773397558,101052.90485476739,99748.52480511622,101279.74164344821,99861.48048595543,100307.7097621333,100681.38131436858,99941.10013848534,99974.65884228125
2025-10-22,96924.42773397558,101052.90485476739,99748.52480511622,101279.74164344821,99861.48048595543,100307.7097621333,100681.38131436858,99941.10013848534,99974.65884228125
2025-10-23,96924.42773397558,101052.90485476739,99748.52480511622,101279.74164344821,99861.48048595543,100307.7097621333,100681.38131436858,99941.10013848534,99974.65884228125
2025-10-24,96924.42773397558,101052.90485476739,99748.52480511622,101279.74164344821,99861.48048595543,100307.7097621333,100681.38131436858,99941.10013848534,99974.65884228125
2025-10-27,96924.42773397558,101052.90485476739,99748.52480511622,101279.74164344821,99861.48048595543,100307.7097621333,100681.38131436858,99941.10013848534,99974.65884228125
2025-10-28,96924.42773397558,101052.90485476739,99748.52480511622,101279.74164344821,99861.48048595543,100307.7097621333,100681.38131436858,99941.10013848534,99974.65884228125
2025-10-29,96924.42773397558,100856.61024564643,99748.52480511622,101279.74164344821,99861.48048595543,100307.7097621333,100681.38131436858,99941.10013848534,99950.12201614113
2025-10-30,96924.42773397558,100856.61024564643,99748.52480511622,101279.74164344821,99861.48048595543,100307.7097621333,100681.38131436858,99941.10013848534,99950.12201614113
2025-10-31,96924.42773397558,100856.61024564643,99748.52480511622,101279.74164344821,99861.48048595543,100338.51721684619,100681.38131436858,99941.10013848534,99953.97294798025
2025-11-03,96924.42773397558,100856.61024564643,99748.52480511622,101279.74164344821,99861.48048595543,100338.51721684619,100681.38131436858,99941.10013848534,99953.97294798025
2025-11-04,96924.42773397558,100856.61024564643,99748.52480511622,101279.74164344821,99861.48048595543,100338.51721684619,100681.38131436858,99941.10013848534,99953.97294798025
2025-11-05,96924.42773397558,100944.04736337945,99748.52480511622,101279.74164344821,99861.48048595543,100338.51721684619,100681.38131436858,99941.10013848534,99964.90258769687
2025-11-06,96924.42773397558,100944.04736337945,99748.52480511622,101279.74164344821,99861.48048595543,100338.51721684619,100681.38131436858,99941.10013848534,99964.90258769687
2025-11-07,96924.42773397558,100944.04736337945,99748.52480511622,101279.74164344821,99861.48048595543,100251.79398346857,100681.38131436858,99842.26431534639,99941.7077056323
2025-11-10,96924.42773397558,100944.04736337945,99748.52480511622,101279.74164344821,99861.48048595543,100251.79398346857,100681.38131436858,99842.26431534639,99941.7077056323
2025-11-11,96924.42773397558,100944.04736337945,99748.52480511622,101279.74164344821,99861.48048595543,100251.79398346857,100681.38131436858,99842.26431534639,99941.7077056323
2025-11-12,96924.42773397558,101470.46983913233,99748.52480511622,101279.74164344821,99861.48048595543,100251.79398346857,100681.38131436858,99842.26431534639,100007.51051510141
2025-11-13,96924.42773397558,101470.46983913233,99748.52480511622,101279.74164344821,99861.48048595543,100251.79398346857,100636.24961277621,99842.26431534639,100001.86905240237
2025-11-14,96924.42773397558,101470.46983913233,99748.52480511622,101279.74164344821,99861.48048595543,100249.68021346911,100636.24961277621,99745.77395696811,99989.54353635515
2025-11-17,96924.42773397558,101470.46983913233,99748.52480511622,101279.74164344821,99861.48048595543,100249.68021346911,100636.24961277621,99745.77395696811,99989.54353635515
2025-11-18,96924.42773397558,101470.46983913233,99748.52480511622,101279.74164344821,99861.48048595543,100249.68021346911,100636.24961277621,99745.77395696811,99989.54353635515
2025-11-19,96924.42773397558,101170.36212301793,99748.52480511622,101279.74164344821,99861.48048595543,100249.68021346911,100636.24961277621,99745.77395696811,99952.03007184085
2025-11-20,96924.42773397558,101170.36212301793,99748.52480511622,101279.74164344821,99861.48048595543,100249.68021346911,100277.54710504282,99745.77395696811,99907.19225837418
2025-11-21,96924.42773397558,101170.36212301793,99748.52480511622,101279.74164344821,99861.48048595543,100249.68021346911,100277.54710504282,99701.8613862228,99901.70318703102
2025-11-24,96924.42773397558,101170.36212301793,99414.40998859248,101279.74164344821,99861.48048595543,100288.80035264276,100277.54710504282,99701.8613862228,99864.82885236225
2025-11-25,96924.42773397558,101170.36212301793,99414.40998859248,101279.74164344821,99861.48048595543,100288.80035264276,100277.54710504282,99701.8613862228,99864.82885236225
2025-11-26,96924.42773397558,101380.41538343304,99414.40998859248,101279.74164344821,100130.34159743441,100288.80035264276,100277.54710504282,99701.8613862228,99924.69314884901
2025-11-28,96924.42773397558,101380.41538343304,99414.40998859248,101722.35550495045,100130.34159743441,100288.80035264276,100277.54710504282,99701.8613862228,99980.01988153679
2025-12-01,96924.42773397558,101380.41538343304,99414.40998859248,101722.35550495045,100130.34159743441,100288.80035264276,100277.54710504282,99906.28598992826,100005.57295699998
2025-12-02,96924.42773397558,101380.41538343304,99414.40998859248,101722.35550495045,100130.34159743441,100376.70657046596,100277.54710504282,99906.28598992826,100016.56123422789
2025-12-03,96924.42773397558,101380.41538343304,99414.40998859248,101722.35550495045,100130.34159743441,100376.70657046596,100454.13315360984,99906.28598992826,100038.63449029876
2025-12-04,96924.42773397558,101380.41538343304,99414.40998859248,101722.35550495045,100130.34159743441,100376.70657046596,100454.13315360984,99906.28598992826,100038.63449029876
2025-12-05,96924.42773397558,101380.41538343304,99414.40998859248,101722.35550495045,100130.34159743441,100376.70657046596,100454.13315360984,99906.28598992826,100038.63449029876
2025-12-08,96924.42773397558,101380.41538343304,99414.40998859248,101722.35550495045,100130.34159743441,100376.70657046596,100454.13315360984,99906.28598992826,100038.63449029876
2025-12-09,96924.42773397558,101380.41538343304,99414.40998859248,101722.35550495045,100130.34159743441,100379.87415059978,100454.13315360984,100144.58378979051,100068.81766279826
2025-12-10,96924.42773397558,101380.41538343304,99414.40998859248,101722.35550495045,100130.34159743441,100379.87415059978,100454.13315360984,100144.58378979051,100068.81766279826
2025-12-11,96924.42773397558,101380.41538343304,99414.40998859248,101722.35550495045,100130.34159743441,100379.87415059978,100454.13315360984,100144.58378979051,100068.81766279826
2025-12-12,96924.42773397558,101380.41538343304,99414.40998859248,101722.35550495045,100130.34159743441,100379.87415059978,100454.13315360984,100144.58378979051,100068.81766279826
2025-12-15,96924.42773397558,101380.41538343304,99414.40998859248,101722.35550495045,100130.34159743441,100379.87415059978,100454.13315360984,100144.58378979051,100068.81766279826
2025-12-16,96924.42773397558,101592.45644463289,99251.53463877387,101722.35550495045,100130.34159743441,100379.87415059978,100454.13315360984,100144.58378979051,100074.96337672092
2025-12-17,96924.42773397558,101592.45644463289,99251.53463877387,101722.35550495045,100130.34159743441,100379.87415059978,100454.13315360984,100144.58378979051,100074.96337672092
2025-12-18,96924.42773397558,101592.45644463289,99251.53463877387,101722.35550495045,100130.34159743441,100379.87415059978,100454.13315360984,100144.58378979051,100074.96337672092
2025-12-19,96924.42773397558,101592.45644463289,99251.53463877387,101722.35550495045,100130.34159743441,100379.87415059978,100492.78748610959,100144.58378979051,100079.7951682834
2025-12-22,96924.42773397558,101592.45644463289,99251.53463877387,101722.35550495045,100130.34159743441,100379.87415059978,100492.78748610959,100144.58378979051,100079.7951682834
2025-12-23,96924.42773397558,102037.79393676129,99251.53463877387,101722.35550495045,100130.34159743441,100379.87415059978,100492.78748610959,100144.58378979051,100135.46235479944
2025-12-24,96924.42773397558,102037.79393676129,99489.67565949522,101722.35550495045,100130.34159743441,100684.38189661261,100492.78748610959,100251.64307964522,100216.67586187305
2025-12-26,96924.42773397558,102037.79393676129,99489.67565949522,101722.35550495045,100130.34159743441,100684.38189661261,100492.78748610959,100251.64307964522,100216.67586187305
2025-12-29,96924.42773397558,102037.79393676129,99489.67565949522,101722.35550495045,100130.34159743441,100684.38189661261,100492.78748610959,100251.64307964522,100216.67586187305
2025-12-30,96924.42773397558,102037.79393676129,99489.67565949522,101722.35550495045,100130.34159743441,100684.38189661261,100492.78748610959,100251.64307964522,100216.67586187305
2025-12-31,96924.42773397558,101600.08879141856,99489.67565949522,101722.35550495045,100130.34159743441,100684.38189661261,100492.78748610959,100251.64307964522,100161.96271870521
2026-01-02,96924.42773397558,101600.08879141856,99489.67565949522,101722.35550495045,100130.34159743441,100684.38189661261,100492.78748610959,100251.64307964522,100161.96271870521
2026-01-05,96924.42773397558,101600.08879141856,99489.67565949522,101722.35550495045,100130.34159743441,100684.38189661261,100398.70878017884,100251.64307964522,100150.20288046385
2026-01-06,96924.42773397558,101600.08879141856,99489.67565949522,101722.35550495045,100130.34159743441,100684.38189661261,100398.70878017884,100251.64307964522,100150.20288046385
2026-01-07,96924.42773397558,101600.08879141856,99443.78108032554,101722.35550495045,100190.44544923655,100684.38189661261,100398.70878017884,100251.64307964522,100151.97903954292
2026-01-08,96924.42773397558,101600.08879141856,99443.78108032554,101722.35550495045,100190.44544923655,100684.38189661261,100398.70878017884,100251.64307964522,100151.97903954292
2026-01-09,96924.42773397558,101600.08879141856,99443.78108032554,101722.35550495045,100190.44544923655,100684.38189661261,100398.70878017884,100251.64307964522,100151.97903954292
2026-01-12,96924.42773397558,101600.08879141856,99443.78108032554,101722.35550495045,100190.44544923655,100684.38189661261,100398.70878017884,100251.64307964522,100151.97903954292
2026-01-13,96924.42773397558,101600.08879141856,99443.78108032554,101722.35550495045,100190.44544923655,100684.38189661261,100398.70878017884,100251.64307964522,100151.97903954292
2026-01-14,96924.42773397558,101600.08879141856,99443.78108032554,101722.35550495045,100190.44544923655,100684.38189661261,100398.70878017884,100251.64307964522,100151.97903954292
2026-01-15,96924.42773397558,101600.08879141856,99443.78108032554,101722.35550495045,100190.44544923655,100684.38189661261,100398.70878017884,100251.64307964522,100151.97903954292
2026-01-16,96924.42773397558,101600.08879141856,99443.78108032554,101722.35550495045,100190.44544923655,100684.38189661261,100398.70878017884,100251.64307964522,100151.97903954292
2026-01-20,96924.42773397558,101600.08879141856,99443.78108032554,101722.35550495045,100190.44544923655,100684.38189661261,100398.70878017884,100251.64307964522,100151.97903954292
2026-01-21,96924.42773397558,101600.08879141856,99443.78108032554,101538.02684777672,100190.44544923655,100684.38189661261,100398.70878017884,100251.64307964522,100128.93795739619
2026-01-22,96924.42773397558,101600.08879141856,99443.78108032554,101538.02684777672,100190.44544923655,100684.38189661261,100373.38546036067,100251.64307964522,100125.77254241893
2026-01-23,96924.42773397558,101600.08879141856,99443.78108032554,101538.02684777672,100190.44544923655,100658.4260912161,100373.38546036067,100251.64307964522,100122.52806674436
2026-01-26,96924.42773397558,101600.08879141856,99443.78108032554,101538.02684777672,100190.44544923655,100658.4260912161,100373.38546036067,100251.64307964522,100122.52806674436
2026-01-27,96924.42773397558,101600.08879141856,99443.78108032554,101538.02684777672,100190.44544923655,100658.4260912161,100373.38546036067,100251.64307964522,100122.52806674436
2026-01-28,96924.42773397558,101600.08879141856,100273.97376993994,101538.02684777672,100190.44544923655,100658.4260912161,100373.38546036067,100251.64307964522,100226.30215294617
2026-01-29,97113.35216566901,101600.08879141856,100273.97376993994,101538.02684777672,100190.44544923655,100658.4260912161,100373.38546036067,100251.64307964522,100249.91770690784
2026-01-30,97113.35216566901,101600.08879141856,100273.97376993994,101538.02684777672,100190.44544923655,100658.4260912161,100373.38546036067,100251.64307964522,100249.91770690784
2026-02-02,97113.35216566901,101600.08879141856,100273.97376993994,101538.02684777672,100190.44544923655,100658.4260912161,100373.38546036067,100251.64307964522,100249.91770690784
2026-02-03,97113.35216566901,101600.08879141856,100273.97376993994,101538.02684777672,100190.44544923655,100658.4260912161,100373.38546036067,100251.64307964522,100249.91770690784
2026-02-04,97113.35216566901,101600.08879141856,99566.91940027002,101538.02684777672,100190.44544923655,100584.6509057305,100373.38546036067,100251.64307964522,100152.31401251341
2026-02-05,97113.35216566901,101600.08879141856,99566.91940027002,101538.02684777672,100190.44544923655,100584.6509057305,99878.31665710536,100251.64307964522,100090.43041210649
2026-02-06,97113.35216566901,101600.08879141856,99566.91940027002,101538.02684777672,100190.44544923655,100584.6509057305,99878.31665710536,100251.64307964522,100090.43041210649
2026-02-09,97113.35216566901,102069.5531735027,99566.91940027002,101538.02684777672,100190.44544923655,100584.6509057305,99878.31665710536,100251.64307964522,100149.113459867
2026-02-10,97113.35216566901,102069.5531735027,99566.91940027002,101538.02684777672,100190.44544923655,100584.6509057305,99878.31665710536,100251.64307964522,100149.113459867
2026-02-11,97113.35216566901,102069.5531735027,99566.91940027002,101538.02684777672,100190.44544923655,100660.45018374514,99878.31665710536,100251.64307964522,100158.58836961884
2026-02-12,97113.35216566901,102069.5531735027,99566.91940027002,101538.02684777672,100190.44544923655,100660.45018374514,99893.3910454181,100251.64307964522,100160.47266815793
2026-02-13,97113.35216566901,102069.5531735027,99566.91940027002,101538.02684777672,100190.44544923655,100660.45018374514,99893.3910454181,100251.64307964522,100160.47266815793
2026-02-17,97113.35216566901,102069.5531735027,99566.91940027002,101538.02684777672,100190.44544923655,100660.45018374514,99893.3910454181,100251.64307964522,100160.47266815793
2026-02-18,97113.35216566901,102018.97758660537,99566.91940027002,101538.02684777672,100190.44544923655,100660.45018374514,99893.3910454181,100251.64307964522,100154.15071979577
2026-02-19,97113.35216566901,102018.97758660537,99566.91940027002,101538.02684777672,100190.44544923655,100660.45018374514,99893.3910454181,100251.64307964522,100154.15071979577
2026-02-20,97113.35216566901,102018.97758660537,99566.91940027002,101538.02684777672,100190.44544923655,100763.45250080309,100011.12219424128,100251.64307964522,100181.7424030309
2026-02-23,97113.35216566901,102018.97758660537,99566.91940027002,101538.02684777672,100190.44544923655,100763.45250080309,100011.12219424128,100197.93843048238,100175.02932188555
2026-02-24,97113.35216566901,102018.97758660537,99566.91940027002,101538.02684777672,100190.44544923655,100763.45250080309,100011.12219424128,100197.93843048238,100175.02932188555
2026-02-25,97113.35216566901,102182.39466373569,99566.91940027002,101538.02684777672,100167.22752909183,100763.45250080309,100011.12219424128,100197.93843048238,100192.55421650875
2026-02-26,97113.35216566901,102182.39466373569,99566.91940027002,101538.02684777672,100167.22752909183,100763.45250080309,100011.12219424128,100197.93843048238,100192.55421650875
2026-02-27,97113.35216566901,102182.39466373569,99566.91940027002,101538.02684777672,100167.22752909183,100708.70767911148,99958.51984307289,100197.93843048238,100179.13581990125
2026-03-02,97113.35216566901,102182.39466373569,99566.91940027002,101538.02684777672,100167.22752909183,100708.70767911148,99958.51984307289,100321.5289544473,100194.58463539687
2026-03-03,97113.35216566901,102182.39466373569,99566.91940027002,101538.02684777672,100167.22752909183,100708.70767911148,99958.51984307289,100321.5289544473,100194.58463539687
2026-03-04,97113.35216566901,102159.80232676603,99566.91940027002,101538.02684777672,100006.85752386879,100708.70767911148,99958.51984307289,100321.5289544473,100171.71434262278
2026-03-05,97113.35216566901,102159.80232676603,99566.91940027002,101538.02684777672,100006.85752386879,100708.70767911148,99958.51984307289,100321.5289544473,100171.71434262278
2026-03-06,97113.35216566901,102159.80232676603,99566.91940027002,101538.02684777672,100006.85752386879,100495.34212057771,99824.8199696418,100321.5289544473,100128.33116362718
2026-03-09,97113.35216566901,102159.80232676603,99566.91940027002,101538.02684777672,100006.85752386879,100495.34212057771,99824.8199696418,100321.5289544473,100128.33116362718
2026-03-10,97113.35216566901,102159.80232676603,99566.91940027002,101538.02684777672,100006.85752386879,100495.34212057771,99824.8199696418,100079.6505665449,100098.09636513938
2026-03-11,97113.35216566901,102202.76447054968,99566.91940027002,101538.02684777672,99725.57097583984,100495.34212057771,99824.8199696418,100079.6505665449,100068.3058146087
2026-03-12,97113.35216566901,102202.76447054968,99566.91940027002,101538.02684777672,99725.57097583984,100495.34212057771,99824.8199696418,100079.6505665449,100068.3058146087
2026-03-13,96826.77775544506,102202.76447054968,99566.91940027002,101538.02684777672,99725.57097583984,100324.51531032407,99688.95318537469,100079.6505665449,99994.14731401563
2026-03-16,96826.77775544506,102202.76447054968,99566.91940027002,101493.21906530237,99725.57097583984,100324.51531032407,99688.95318537469,100079.6505665449,99988.54634120633
2026-03-17,96826.77775544506,102202.76447054968,99566.91940027002,101493.21906530237,99725.57097583984,100324.51531032407,99688.95318537469,99959.31458610868,99973.5043436518
2026-03-18,96826.77775544506,101516.5431973703,99566.91940027002,101493.21906530237,99464.87762034578,100324.51531032407,99688.95318537469,99959.31458610868,99855.14001506762
2026-03-19,96826.77775544506,101516.5431973703,99402.87584165436,101493.21906530237,99464.87762034578,100324.51531032407,99688.95318537469,99959.31458610868,99834.63457024067
2026-03-20,96734.63864236929,101516.5431973703,99402.87584165436,101493.21906530237,99464.87762034578,100124.3225797275,99472.5519152348,99959.31458610868,99771.04293101413
2026-03-23,96734.63864236929,101516.5431973703,99402.87584165436,101493.21906530237,99464.87762034578,100124.3225797275,99472.5519152348,99959.31458610868,99771.04293101413
2026-03-24,96734.63864236929,101516.5431973703,99402.87584165436,101493.21906530237,99464.87762034578,100124.3225797275,99472.5519152348,99891.60362745989,99762.57906118303
2026-03-25,96734.63864236929,100856.9910262183,99402.87584165436,101493.21906530237,99498.8999206538,100124.3225797275,99472.5519152348,99891.60362745989,99684.38782732753
2026-03-26,96734.63864236929,100856.9910262183,99402.87584165436,101493.21906530237,99498.8999206538,100124.3225797275,99472.5519152348,99891.60362745989,99684.38782732753
2026-03-27,96756.56113777605,100856.9910262183,99402.87584165436,101493.21906530237,99498.8999206538,99902.51976580855,99141.29351329348,99891.60362745989,99617.99548727085
2026-03-30,96756.56113777605,100856.9910262183,99402.87584165436,101493.21906530237,99498.8999206538,99902.51976580855,99141.29351329348,99891.60362745989,99617.99548727085
2026-03-31,96756.56113777605,100856.9910262183,99402.87584165436,101493.21906530237,99498.8999206538,99902.51976580855,99141.29351329348,99845.45318177328,99612.22668156003
2026-04-01,96756.56113777605,101112.75805068582,99402.87584165436,101493.21906530237,99518.14855430703,99902.51976580855,99141.29351329348,99845.45318177328,99646.60363882514
2026-04-02,96756.56113777605,101112.75805068582,99402.87584165436,101493.21906530237,99518.14855430703,99902.51976580855,99141.29351329348,99845.45318177328,99646.60363882514
2026-04-06,97138.11107671724,101112.75805068582,99622.33347437935,101493.21906530237,99518.14855430703,100273.67072345798,99627.35206317992,99845.45318177328,99828.88077372538
2026-04-07,97138.11107671724,101112.75805068582,99622.33347437935,101236.53546645501,99518.14855430703,100273.67072345798,99627.35206317992,99845.45318177328,99796.79532386946
2026-04-08,97138.11107671724,101112.75805068582,99622.33347437935,101236.53546645501,99518.14855430703,100273.67072345798,99627.35206317992,100088.61735432979,99827.19084543902
2026-04-09,97138.11107671724,101108.74162727625,99622.33347437935,101236.53546645501,99518.14855430703,100273.67072345798,99627.35206317992,100088.61735432979,99826.68879251282
2026-04-10,97138.11107671724,101108.74162727625,99622.33347437935,101236.53546645501,99518.14855430703,100273.67072345798,99627.35206317992,100088.61735432979,99826.68879251282
2026-04-13,97141.15689178769,101108.74162727625,99622.33347437935,101236.53546645501,99678.25880966382,100476.73947191007,99627.35206317992,100088.61735432979,99872.46689487275
2026-04-14,97141.15689178769,101108.74162727625,99622.33347437935,101236.53546645501,99678.25880966382,100476.73947191007,99627.35206317992,100088.61735432979,99872.46689487275
2026-04-15,97141.15689178769,101108.74162727625,100594.14386759435,101236.53546645501,99678.25880966382,100476.73947191007,100225.245971801,100261.60179544138,100090.30298774119
2026-04-16,97141.15689178769,101148.73334030354,100594.14386759435,101236.53546645501,99678.25880966382,100476.73947191007,100225.245971801,100261.60179544138,100095.30195186961
2026-04-17,97141.15689178769,101148.73334030354,100594.14386759435,101236.53546645501,99678.25880966382,100476.73947191007,100225.245971801,100261.60179544138,100095.30195186961
2026-04-20,97395.82965415514,101148.73334030354,100594.14386759435,101236.53546645501,99678.25880966382,100476.73947191007,100225.245971801,100261.60179544138,100127.13604716554
2026-04-21,97395.82965415514,101148.73334030354,100594.14386759435,101236.53546645501,99736.26084965776,100476.73947191007,100225.245971801,100261.60179544138,100134.38630216478
2026-04-22,97395.82965415514,101148.73334030354,100594.14386759435,101236.53546645501,99736.26084965776,100476.73947191007,100225.245971801,100261.60179544138,100134.38630216478
2026-04-23,97395.82965415514,100930.8420729526,100594.14386759435,101236.53546645501,99736.26084965776,100476.73947191007,100225.245971801,100261.60179544138,100107.14989374591
2026-04-24,97395.82965415514,100930.8420729526,100594.14386759435,101236.53546645501,99736.26084965776,100476.73947191007,100225.245971801,100261.60179544138,100107.14989374591
2026-04-27,97395.82965415514,100930.8420729526,100594.14386759435,101236.53546645501,99736.26084965776,100476.73947191007,100225.245971801,100261.60179544138,100107.14989374591
2026-04-28,97395.82965415514,100930.8420729526,100594.14386759435,101236.53546645501,99736.26084965776,100476.73947191007,100225.245971801,100261.60179544138,100107.14989374591
2026-04-29,97395.82965415514,100930.8420729526,100594.14386759435,101236.53546645501,99736.26084965776,100476.73947191007,100225.245971801,100261.60179544138,100107.14989374591
2026-04-30,97395.82965415514,100747.94133920966,100594.14386759435,101236.53546645501,99736.26084965776,100476.73947191007,100225.245971801,100261.60179544138,100084.28730202805
2026-05-01,97395.82965415514,100747.94133920966,100594.14386759435,101236.53546645501,99758.47761487933,100476.73947191007,100225.245971801,100303.03222830781,100092.24320178905
2026-05-04,97395.82965415514,100747.94133920966,100594.14386759435,101236.53546645501,99758.47761487933,100476.73947191007,100225.245971801,100303.03222830781,100092.24320178905
2026-05-05,97395.82965415514,100747.94133920966,100594.14386759435,101236.53546645501,99758.47761487933,100476.73947191007,100225.245971801,100303.03222830781,100092.24320178905
2026-05-06,97395.82965415514,100747.94133920966,100594.14386759435,101236.53546645501,99758.47761487933,100476.73947191007,100225.245971801,100303.03222830781,100092.24320178905
2026-05-07,97395.82965415514,100928.58489840297,100594.14386759435,101236.53546645501,99758.47761487933,100476.73947191007,100225.245971801,100303.03222830781,100114.82364668821
2026-05-08,97395.82965415514,100928.58489840297,100594.14386759435,101236.53546645501,99758.47761487933,100476.73947191007,100225.245971801,100303.03222830781,100114.82364668821
2026-05-11,97395.82965415514,100928.58489840297,100594.14386759435,101236.53546645501,99758.47761487933,100476.73947191007,100225.245971801,100303.03222830781,100114.82364668821
2026-05-12,97395.82965415514,100928.58489840297,100594.14386759435,101236.53546645501,99758.47761487933,100476.73947191007,100225.245971801,100303.03222830781,100114.82364668821
2026-05-13,97395.82965415514,100928.58489840297,100594.14386759435,101236.53546645501,99758.47761487933,100476.73947191007,100225.245971801,100303.03222830781,100114.82364668821
2026-05-14,97395.82965415514,100871.2832215957,100594.14386759435,101236.53546645501,99758.47761487933,100476.73947191007,100225.245971801,100303.03222830781,100107.6609370873
2026-05-15,97395.82965415514,100871.2832215957,100594.14386759435,101236.53546645501,99758.47761487933,100476.73947191007,100225.245971801,100303.03222830781,100107.6609370873
2026-05-18,97395.82965415514,100871.2832215957,100594.14386759435,101236.53546645501,99758.47761487933,100476.73947191007,100225.245971801,100303.03222830781,100107.6609370873
2026-05-19,97395.82965415514,100871.2832215957,100594.14386759435,101236.53546645501,99758.47761487933,100476.73947191007,100225.245971801,100303.03222830781,100107.6609370873
2026-05-20,97395.82965415514,100871.2832215957,100594.14386759435,101236.53546645501,99758.47761487933,100476.73947191007,100225.245971801,100303.03222830781,100107.6609370873
2026-05-21,97395.82965415514,100619.88510844678,100594.14386759435,101236.53546645501,99775.62784862355,100476.73947191007,100086.4872480357,100303.03222830781,100061.03511169105
2026-05-22,97395.82965415514,100619.88510844678,100594.14386759435,101236.53546645501,99775.62784862355,100476.73947191007,100086.4872480357,100303.03222830781,100061.03511169105
2026-05-26,97395.82965415514,100619.88510844678,100499.92978731121,101236.53546645501,99775.62784862355,100476.73947191007,100086.4872480357,100303.03222830781,100049.25835165566
2026-05-27,97395.82965415514,100619.88510844678,100499.92978731121,101236.53546645501,99775.62784862355,100476.73947191007,100086.4872480357,100303.03222830781,100049.25835165566
2026-05-28,97395.82965415514,100619.88510844678,100499.92978731121,101236.53546645501,99775.62784862355,100476.73947191007,100086.4872480357,100303.03222830781,100049.25835165566
2026-05-29,97395.82965415514,100619.88510844678,100499.92978731121,101236.53546645501,99775.62784862355,100476.73947191007,100335.14237007072,100303.03222830781,100080.34024191003
2026-06-01,97395.82965415514,100619.88510844678,100499.92978731121,101236.53546645501,99775.62784862355,100476.73947191007,100335.14237007072,100303.03222830781,100080.34024191003
2026-06-02,97395.82965415514,100619.88510844678,100499.92978731121,101236.53546645501,99775.62784862355,100532.28913088505,100335.14237007072,100303.03222830781,100087.2839492819
2026-06-03,97395.82965415514,100619.88510844678,100499.92978731121,101236.53546645501,99775.62784862355,100532.28913088505,100335.14237007072,100303.03222830781,100087.2839492819
2026-06-04,97395.82965415514,100619.88510844678,100499.92978731121,101236.53546645501,99775.62784862355,100532.28913088505,100335.14237007072,100303.03222830781,100087.2839492819
2026-06-05,97395.82965415514,100619.88510844678,100499.92978731121,101236.53546645501,99775.62784862355,100532.28913088505,99855.21643285884,100303.03222830781,100027.29320713042
2026-06-08,97395.82965415514,100619.88510844678,100499.92978731121,101236.53546645501,99775.62784862355,100532.28913088505,99855.21643285884,100303.03222830781,100027.29320713042
2026-06-09,97395.82965415514,100619.88510844678,100499.92978731121,101236.53546645501,99775.62784862355,100379.8748223956,99855.21643285884,100303.03222830781,100008.24141856925
2026-06-10,97395.82965415514,100619.88510844678,100499.92978731121,101236.53546645501,99775.62784862355,100379.8748223956,99855.21643285884,100303.03222830781,100008.24141856925
2026-06-11,97395.82965415514,100619.88510844678,100499.92978731121,101236.53546645501,99775.62784862355,100379.8748223956,99855.21643285884,100303.03222830781,100008.24141856925
2026-06-12,97395.82965415514,100619.88510844678,100499.92978731121,101236.53546645501,99775.62784862355,100379.8748223956,99914.91367042241,100303.03222830781,100015.70357326469
2026-06-15,97395.82965415514,100619.88510844678,100499.92978731121,101236.53546645501,99775.62784862355,100379.8748223956,99914.91367042241,100303.03222830781,100015.70357326469
2026-06-16,97395.82965415514,100619.88510844678,100499.92978731121,101236.53546645501,99775.62784862355,100379.8748223956,99914.91367042241,100303.03222830781,100015.70357326469
2026-06-17,97395.82965415514,100619.88510844678,100499.92978731121,101236.53546645501,99775.62784862355,100480.60214462962,99914.91367042241,100303.03222830781,100028.29448854394
2026-06-18,97395.82965415514,100619.88510844678,100499.92978731121,101236.53546645501,99775.62784862355,100480.60214462962,99914.91367042241,100303.03222830781,100028.29448854394
